pass,batch,N,K,backend,ok,ms,p25,p75,reps
0,4,1024,64,cpu,1,0.240917,0.236459,0.246083,25
0,4,1024,64,blocked,1,1.992792,1.963750,2.049833,25
0,1,128,64,cpu,1,0.004625,0.004625,0.004667,25
0,1,128,64,blocked,1,0.267250,0.250500,0.588667,25
0,1,128,16,cpu,1,0.003875,0.003791,0.003917,25
0,1,128,16,blocked,1,0.252000,0.221083,0.581292,25
0,64,512,1,cpu,1,0.310083,0.292708,0.408792,25
0,64,512,1,blocked,1,19.074521,18.749698,19.131969,8
0,64,64,16,cpu,1,0.111583,0.098000,0.116416,25
0,64,64,16,blocked,1,9.261042,9.127344,9.510250,16
0,4,512,64,cpu,1,0.069792,0.068792,0.074458,25
0,4,512,64,blocked,1,1.150625,1.142625,1.279334,25
0,1,1024,64,cpu,1,0.092708,0.092666,0.092750,25
0,1,1024,64,blocked,1,0.846083,0.739333,1.219875,25
0,16,512,64,cpu,1,0.223875,0.214292,0.232709,25
0,16,512,64,blocked,1,5.008500,4.979833,5.110291,25
0,16,1024,256,cpu,1,2.501334,2.379625,2.532208,25
0,16,1024,256,blocked,1,8.847416,8.793458,8.909000,17
0,64,256,256,cpu,1,0.623708,0.610208,0.647166,25
0,64,256,256,blocked,1,15.033083,14.907229,15.286188,10
0,4,128,64,cpu,1,0.018666,0.017917,0.020791,25
0,4,128,64,blocked,1,0.788666,0.767666,0.978208,25
0,1,4096,64,cpu,1,1.256125,1.252125,1.301625,25
0,1,4096,64,blocked,1,2.539167,1.731542,2.684708,25
0,1,2048,1024,cpu,1,3.375459,3.346000,3.406792,25
0,1,2048,1024,blocked,1,1.810708,1.676000,2.777125,25
0,1,64,1,cpu,1,0.000625,0.000500,0.000708,25
0,1,64,1,blocked,1,0.235792,0.217125,0.496416,25
0,4,256,16,cpu,1,0.020875,0.019458,0.022500,25
0,4,256,16,blocked,1,1.034875,0.955542,1.061541,25
0,1,1024,1024,cpu,1,0.960083,0.944917,0.985084,25
0,1,1024,1024,blocked,1,1.021416,0.720958,1.446834,25
0,64,512,256,cpu,1,2.306584,2.267958,2.349000,25
0,64,512,256,blocked,1,20.749458,20.656313,20.842604,2
0,4,2048,256,cpu,1,3.605375,3.494500,3.831458,25
0,4,2048,256,blocked,1,4.315667,4.274500,4.783416,25
0,4,512,1,cpu,1,0.052625,0.052334,0.053625,25
0,4,512,1,blocked,1,2.123375,1.662458,2.286459,25
0,1,256,16,cpu,1,0.008084,0.008042,0.008166,25
0,1,256,16,blocked,1,0.339791,0.325708,0.727875,25
0,4,1024,1024,cpu,1,2.742417,2.729250,2.764375,25
0,4,1024,1024,blocked,1,2.939833,2.880084,3.184291,25
0,16,1024,64,cpu,1,0.740791,0.729916,0.754917,25
0,16,1024,64,blocked,1,8.058334,8.037396,8.144042,19
0,4,256,256,cpu,1,0.071917,0.070666,0.073208,25
0,4,256,256,blocked,1,0.988958,0.966250,1.312333,25
0,1,256,256,cpu,1,0.032750,0.031583,0.034875,25
0,1,256,256,blocked,1,0.413833,0.322666,0.593375,25
0,4,128,1,cpu,1,0.012459,0.012125,0.015500,25
0,4,128,1,blocked,1,0.766583,0.743625,0.841250,25
0,4,1024,1,cpu,1,0.178084,0.174916,0.181333,25
0,4,1024,1,blocked,1,1.877834,1.871709,1.935042,25
0,64,256,16,cpu,1,0.150667,0.144458,0.154083,25
0,64,256,16,blocked,1,15.067500,15.014198,15.105583,10
0,4,64,1,cpu,1,0.001375,0.001250,0.002333,25
0,4,64,1,blocked,1,0.701083,0.689416,0.873584,25
0,1,512,64,cpu,1,0.030625,0.028459,0.031958,25
0,1,512,64,blocked,1,0.453208,0.441458,0.700583,25
0,16,128,1,cpu,1,0.023666,0.022916,0.025583,25
0,16,128,1,blocked,1,2.574750,2.481083,2.913750,25
0,1,256,64,cpu,1,0.010833,0.010750,0.011000,25
0,1,256,64,blocked,1,0.309292,0.291375,0.593583,25
0,16,1024,1,cpu,1,0.359209,0.349750,0.431417,25
0,16,1024,1,blocked,1,7.675187,7.640334,7.743344,20
0,16,1024,1024,cpu,1,12.270000,11.819125,12.434750,13
0,16,1024,1024,blocked,1,11.519542,11.405333,11.662584,13
0,16,256,1,cpu,1,0.118875,0.063459,0.119458,25
0,16,256,1,blocked,1,3.741250,3.727625,3.767458,25
0,16,1024,16,cpu,1,0.372875,0.366792,0.411917,25
0,16,1024,16,blocked,1,11.161167,9.726563,11.245708,15
0,16,128,16,cpu,1,0.053875,0.040459,0.054208,25
0,16,128,16,blocked,1,2.902125,2.621208,3.008167,25
0,1,512,256,cpu,1,0.093916,0.093833,0.094000,25
0,1,512,256,blocked,1,0.535250,0.463167,0.674042,25
0,4,512,256,cpu,1,0.217500,0.213666,0.237833,25
0,4,512,256,blocked,1,1.350041,1.311334,1.501958,25
0,1,2048,1,cpu,1,0.620292,0.613583,0.650958,25
0,1,2048,1,blocked,1,1.373500,1.173750,1.547125,25
0,256,64,1,cpu,1,0.051584,0.051041,0.054792,25
0,1,3072,1024,cpu,1,6.471875,6.322000,6.663459,23
0,1,3072,1024,blocked,1,2.851541,2.807833,3.594959,25
0,4,256,64,cpu,1,0.028375,0.027167,0.030500,25
0,4,256,64,blocked,1,0.945458,0.936666,0.980584,25
0,1,4096,256,cpu,1,2.888334,2.867416,2.897708,25
0,1,4096,256,blocked,1,3.022834,2.296625,3.244792,25
0,256,128,64,cpu,1,0.534042,0.470833,0.568417,25
0,1,3072,16,cpu,1,0.538917,0.533083,0.551125,25
0,1,3072,16,blocked,1,1.372667,1.263417,1.931042,25
0,64,256,1,cpu,1,0.135459,0.122584,0.139250,25
0,64,256,1,blocked,1,14.701500,14.670271,14.818500,11
0,1,64,64,cpu,1,0.002417,0.002416,0.002583,25
0,1,64,64,blocked,1,0.218375,0.205042,0.497667,25
0,256,64,64,cpu,1,0.460541,0.454584,0.473625,25
0,4,1024,16,cpu,1,0.126000,0.124083,0.128166,25
0,4,1024,16,blocked,1,2.030416,1.971792,2.121958,25
0,64,128,16,cpu,1,0.119916,0.098250,0.213125,25
0,64,128,16,blocked,1,10.183917,10.059750,10.262042,15
0,4,128,16,cpu,1,0.016708,0.015791,0.017708,25
0,4,128,16,blocked,1,0.670125,0.624958,0.793292,25
0,1,256,1,cpu,1,0.007875,0.007834,0.008500,25
0,1,256,1,blocked,1,0.326083,0.272083,0.604417,25
0,1,3072,256,cpu,1,1.702750,1.697709,1.724667,25
0,1,3072,256,blocked,1,2.284084,1.680167,2.423417,25
0,64,64,1,cpu,1,0.012959,0.012875,0.013291,25
0,64,64,1,blocked,1,8.685021,8.626625,8.729979,18
0,16,512,16,cpu,1,0.138625,0.124291,0.206542,25
0,16,512,16,blocked,1,4.599750,4.568875,4.630834,25
0,64,64,64,cpu,1,0.127875,0.077833,0.132375,25
0,64,64,64,blocked,1,8.711792,8.688938,8.744469,18
0,4,2048,16,cpu,1,0.574875,0.570292,0.599208,25
0,4,2048,16,blocked,1,3.264125,3.224375,3.323334,25
0,16,256,16,cpu,1,0.084625,0.060667,0.120417,25
0,16,256,16,blocked,1,3.780416,3.737667,3.799750,25
0,4,1024,256,cpu,1,0.872292,0.840250,0.904750,25
0,4,1024,256,blocked,1,2.258625,2.128916,2.674125,25
0,4,256,1,cpu,1,0.020375,0.019292,0.022750,25
0,4,256,1,blocked,1,0.965791,0.949042,1.082000,25
0,64,512,16,cpu,1,0.365917,0.354333,0.390584,25
0,64,512,16,blocked,1,20.329667,20.212146,20.447188,2
0,64,256,64,cpu,1,0.223583,0.219000,0.256666,25
0,64,256,64,blocked,1,15.096021,15.075385,15.252229,10
0,4,2048,64,cpu,1,1.058791,1.014667,1.071959,25
0,4,2048,64,blocked,1,3.483875,3.411584,3.565750,25
0,256,256,16,cpu,1,0.536500,0.489959,0.622916,25
0,1,4096,1024,cpu,1,10.278916,10.255833,10.371167,15
0,1,4096,1024,blocked,1,4.345875,4.286250,4.439834,25
0,16,256,256,cpu,1,0.211667,0.199834,0.221667,25
0,16,256,256,blocked,1,3.772208,3.732292,3.825583,25
0,16,64,1,cpu,1,0.003834,0.003666,0.004167,25
0,16,64,1,blocked,1,2.223750,2.163125,2.722208,25
0,4,64,64,cpu,1,0.013750,0.013541,0.015333,25
0,4,64,64,blocked,1,0.680417,0.644375,0.715458,25
0,4,2048,1024,cpu,1,10.875375,10.804260,10.986469,14
0,4,2048,1024,blocked,1,6.826708,6.678625,7.793833,21
0,64,128,64,cpu,1,0.136084,0.126916,0.164167,25
0,64,128,64,blocked,1,10.353541,10.284104,10.421958,15
0,256,128,1,cpu,1,0.410417,0.397875,0.429917,25
0,1,2048,256,cpu,1,0.864375,0.858042,0.883000,25
0,1,2048,256,blocked,1,1.632292,1.106084,2.464917,25
0,256,128,16,cpu,1,0.467875,0.459125,0.529000,25
0,4,2048,1,cpu,1,0.906042,0.879000,0.933334,25
0,4,2048,1,blocked,1,3.180167,3.142083,3.243291,25
0,64,128,1,cpu,1,0.090750,0.090167,0.096208,25
0,64,128,1,blocked,1,10.221250,10.128521,10.252313,15
0,16,128,64,cpu,1,0.069917,0.067375,0.076709,25
0,16,128,64,blocked,1,2.570166,2.514666,2.617750,25
0,16,64,16,cpu,1,0.028500,0.028250,0.030084,25
0,16,64,16,blocked,1,2.262583,2.177291,2.333500,25
0,16,512,1,cpu,1,0.137500,0.135250,0.139875,25
0,16,512,1,blocked,1,4.411667,4.370167,4.489417,25
0,256,256,64,cpu,1,0.798125,0.789250,0.818541,25
0,16,512,256,cpu,1,0.646666,0.625125,0.662416,25
0,16,512,256,blocked,1,5.158125,5.087500,5.227750,25
0,1,3072,1,cpu,1,1.850250,1.788125,2.066708,25
0,1,3072,1,blocked,1,1.764833,1.211750,2.054250,25
0,16,64,64,cpu,1,0.032875,0.032709,0.034708,25
0,16,64,64,blocked,1,2.272167,2.153083,2.638542,25
0,1,512,1,cpu,1,0.037625,0.036500,0.041083,25
0,1,512,1,blocked,1,0.378125,0.351125,0.607666,25
0,256,256,1,cpu,1,0.447084,0.426791,0.621292,25
0,1,1024,256,cpu,1,0.288834,0.288625,0.291459,25
0,1,1024,256,blocked,1,1.046667,0.549583,1.338166,25
0,1,4096,16,cpu,1,0.884125,0.879791,0.895708,25
0,1,4096,16,blocked,1,2.457167,1.662708,2.671375,25
0,64,512,64,cpu,1,0.703166,0.685292,0.715500,25
0,64,512,64,blocked,1,20.458792,20.416521,20.501062,2
0,256,256,256,cpu,1,2.526833,2.500458,2.569916,25
0,1,1024,1,cpu,1,0.143375,0.143167,0.144333,25
0,1,1024,1,blocked,1,0.660042,0.633375,1.084333,25
0,1,64,16,cpu,1,0.002166,0.002125,0.002208,25
0,1,64,16,blocked,1,0.239292,0.215375,0.659833,25
0,1,4096,1,cpu,1,3.543458,3.495000,3.621667,25
0,1,4096,1,blocked,1,2.412792,1.549208,2.547916,25
0,4,512,16,cpu,1,0.041125,0.040541,0.045291,25
0,4,512,16,blocked,1,1.252083,1.209209,1.674000,25
0,1,2048,64,cpu,1,0.325959,0.324125,0.329042,25
0,1,2048,64,blocked,1,1.359291,0.867042,1.556959,25
0,16,256,64,cpu,1,0.162958,0.091208,0.172709,25
0,16,256,64,blocked,1,3.661709,3.644167,3.718208,25
0,1,4096,4096,cpu,1,50.037625,49.635958,50.439292,2
0,1,4096,4096,blocked,1,12.570563,12.519021,12.590511,12
0,1,512,16,cpu,1,0.022583,0.020375,0.022833,25
0,1,512,16,blocked,1,0.336208,0.310375,0.825375,25
0,1,2048,16,cpu,1,0.218375,0.218167,0.218750,25
0,1,2048,16,blocked,1,1.473125,0.841125,1.511375,25
0,1,128,1,cpu,1,0.001792,0.001750,0.001917,25
0,1,128,1,blocked,1,0.203000,0.195083,0.859875,25
0,1,3072,64,cpu,1,0.765958,0.744583,0.786500,25
0,1,3072,64,blocked,1,1.416250,1.260625,2.088708,25
0,4,64,16,cpu,1,0.014458,0.013834,0.015292,25
0,4,64,16,blocked,1,0.834334,0.741875,0.857209,25
0,256,64,16,cpu,1,0.458833,0.449875,0.472792,25
0,1,1024,16,cpu,1,0.066208,0.066125,0.066291,25
0,1,1024,16,blocked,1,0.734375,0.695458,1.161667,25
1,4,64,16,cpu,1,0.013834,0.013583,0.014333,25
1,4,64,16,blocked,1,0.821250,0.741666,0.853791,25
1,1,4096,16,cpu,1,0.878084,0.871875,0.917834,25
1,1,4096,16,blocked,1,2.217875,1.519375,2.650209,25
1,1,4096,256,cpu,1,2.900000,2.880584,2.914834,25
1,1,4096,256,blocked,1,2.933333,2.274166,3.071583,25
1,1,256,256,cpu,1,0.035833,0.031125,0.035917,25
1,1,256,256,blocked,1,0.357666,0.322500,0.675459,25
1,64,128,1,cpu,1,0.091583,0.089708,0.127708,25
1,64,128,1,blocked,1,10.202083,10.055292,10.244688,15
1,1,4096,1024,cpu,1,10.341791,10.261292,10.408646,15
1,1,4096,1024,blocked,1,4.346125,4.311458,4.416500,25
1,16,256,1,cpu,1,0.118708,0.118000,0.121792,25
1,16,256,1,blocked,1,3.644833,3.621833,3.711875,25
1,4,512,256,cpu,1,0.219291,0.213833,0.224083,25
1,4,512,256,blocked,1,1.325250,1.281833,1.362875,25
1,1,4096,1,cpu,1,3.563167,3.478666,3.627083,25
1,1,4096,1,blocked,1,2.376833,2.169541,2.746417,25
1,1,3072,64,cpu,1,0.768708,0.761833,0.785125,25
1,1,3072,64,blocked,1,1.772250,1.573167,2.136041,25
1,1,4096,64,cpu,1,1.259000,1.253625,1.281750,25
1,1,4096,64,blocked,1,2.557417,1.728584,2.674917,25
1,1,64,1,cpu,1,0.000542,0.000500,0.000708,25
1,1,64,1,blocked,1,0.222708,0.205708,0.281542,25
1,4,1024,1,cpu,1,0.184750,0.177583,0.196375,25
1,4,1024,1,blocked,1,1.868125,1.834541,1.909125,25
1,1,2048,1,cpu,1,0.620666,0.616334,0.654208,25
1,1,2048,1,blocked,1,1.195416,1.029125,1.355583,25
1,64,512,256,cpu,1,2.355458,2.326750,2.385125,25
1,64,512,256,blocked,1,20.678980,20.661344,20.696615,2
1,1,64,16,cpu,1,0.002167,0.002125,0.002208,25
1,1,64,16,blocked,1,0.214500,0.203500,0.320125,25
1,4,128,1,cpu,1,0.012833,0.012083,0.015166,25
1,4,128,1,blocked,1,0.933584,0.870834,1.005958,25
1,4,64,1,cpu,1,0.002583,0.001833,0.005167,25
1,4,64,1,blocked,1,0.673292,0.653459,0.713750,25
1,16,512,16,cpu,1,0.115625,0.107750,0.139500,25
1,16,512,16,blocked,1,4.896166,4.845833,4.931375,25
1,16,64,16,cpu,1,0.030167,0.028334,0.031291,25
1,16,64,16,blocked,1,2.609000,2.584125,2.723833,25
1,4,1024,1024,cpu,1,2.738084,2.704959,2.762708,25
1,4,1024,1024,blocked,1,3.060459,2.929834,3.222500,25
1,4,1024,64,cpu,1,0.243292,0.237625,0.248750,25
1,4,1024,64,blocked,1,1.969542,1.941709,2.032541,25
1,256,256,16,cpu,1,0.577292,0.489333,0.628208,25
1,64,512,1,cpu,1,0.285958,0.283000,0.303125,25
1,64,512,1,blocked,1,19.024875,18.914907,19.130938,8
1,4,1024,256,cpu,1,0.870500,0.850459,0.900667,25
1,4,1024,256,blocked,1,2.115375,2.085500,2.202333,25
1,64,256,64,cpu,1,0.222417,0.211417,0.231708,25
1,64,256,64,blocked,1,14.953584,14.908771,14.983104,11
1,256,64,1,cpu,1,0.051625,0.050959,0.055375,25
1,64,256,16,cpu,1,0.151000,0.144125,0.162958,25
1,64,256,16,blocked,1,14.691667,14.619333,14.711250,11
1,16,256,256,cpu,1,0.213459,0.201125,0.226208,25
1,16,256,256,blocked,1,3.683125,3.660583,3.754167,25
1,256,128,64,cpu,1,0.529667,0.471083,0.561750,25
1,1,256,64,cpu,1,0.011083,0.010791,0.011167,25
1,1,256,64,blocked,1,0.722166,0.308291,0.813250,25
1,64,256,1,cpu,1,0.140041,0.133584,0.145834,25
1,64,256,1,blocked,1,14.655958,14.592625,14.738500,11
1,64,64,64,cpu,1,0.126791,0.094500,0.134166,25
1,64,64,64,blocked,1,8.730417,8.696000,8.865958,17
1,256,128,1,cpu,1,0.415417,0.399500,0.430708,25
1,4,128,64,cpu,1,0.018583,0.017916,0.020083,25
1,4,128,64,blocked,1,0.665667,0.639458,0.806500,25
1,16,64,1,cpu,1,0.003708,0.003625,0.003958,25
1,16,64,1,blocked,1,2.177375,2.143042,2.319291,25
1,1,3072,256,cpu,1,1.714458,1.703708,1.739083,25
1,1,3072,256,blocked,1,2.355083,1.641875,2.489791,25
1,16,512,1,cpu,1,0.139208,0.134166,0.144291,25
1,16,512,1,blocked,1,4.631333,4.595625,4.683000,25
1,1,2048,16,cpu,1,0.219375,0.218375,0.221792,25
1,1,2048,16,blocked,1,0.975125,0.879375,1.420333,25
1,1,128,1,cpu,1,0.001750,0.001750,0.002166,25
1,1,128,1,blocked,1,0.248541,0.237333,0.547375,25
1,1,1024,64,cpu,1,0.092875,0.092833,0.095042,25
1,1,1024,64,blocked,1,0.986250,0.514250,1.054416,25
1,4,512,1,cpu,1,0.049459,0.048542,0.050959,25
1,4,512,1,blocked,1,1.149125,1.133000,1.176542,25
1,64,512,64,cpu,1,0.700625,0.679292,0.739500,25
1,64,512,64,blocked,1,19.810583,19.753270,19.866156,8
1,16,1024,256,cpu,1,2.512166,2.444959,2.557083,25
1,16,1024,256,blocked,1,8.537562,8.479302,8.574968,18
1,256,256,64,cpu,1,0.798167,0.779125,0.847584,25
1,64,64,16,cpu,1,0.124000,0.082125,0.137458,25
1,64,64,16,blocked,1,9.356458,8.996875,9.565000,17
1,64,256,256,cpu,1,0.621958,0.612833,0.644792,25
1,64,256,256,blocked,1,13.711416,13.633437,13.744896,11
1,1,1024,1024,cpu,1,0.948334,0.926125,0.969041,25
1,1,1024,1024,blocked,1,1.405000,0.726709,2.141084,25
1,1,1024,16,cpu,1,0.066166,0.066125,0.066208,25
1,1,1024,16,blocked,1,0.577917,0.532500,1.095375,25
1,16,1024,16,cpu,1,0.389375,0.367125,0.434166,25
1,16,1024,16,blocked,1,7.927375,7.882708,7.960958,19
1,16,64,64,cpu,1,0.034917,0.032708,0.035958,25
1,16,64,64,blocked,1,2.551208,2.217750,2.617291,25
1,4,256,64,cpu,1,0.029250,0.027125,0.033000,25
1,4,256,64,blocked,1,0.911375,0.905084,1.154916,25
1,256,64,64,cpu,1,0.464875,0.456875,0.479708,25
1,4,512,64,cpu,1,0.070375,0.068917,0.072583,25
1,4,512,64,blocked,1,1.251209,1.232750,1.284667,25
1,16,1024,64,cpu,1,0.737416,0.728833,0.750042,25
1,16,1024,64,blocked,1,7.936916,7.903521,8.000709,19
1,4,2048,64,cpu,1,1.049666,1.035292,1.070292,25
1,4,2048,64,blocked,1,3.436083,3.393917,3.510834,25
1,16,256,64,cpu,1,0.115208,0.093458,0.171834,25
1,16,256,64,blocked,1,3.660625,3.638583,3.705958,25
1,256,128,16,cpu,1,0.470625,0.461542,0.530291,25
1,256,64,16,cpu,1,0.456166,0.445875,0.460417,25
1,16,1024,1,cpu,1,0.348042,0.344250,0.384167,25
1,16,1024,1,blocked,1,7.732250,7.617417,9.432084,19
1,64,128,64,cpu,1,0.128416,0.117541,0.131792,25
1,64,128,64,blocked,1,10.541417,10.408020,10.636375,15
1,64,128,16,cpu,1,0.131542,0.120792,0.159834,25
1,64,128,16,blocked,1,10.100458,10.007437,10.152646,15
1,1,256,1,cpu,1,0.007750,0.007750,0.007792,25
1,1,256,1,blocked,1,0.263625,0.254209,0.534375,25
1,4,256,16,cpu,1,0.020625,0.019834,0.021792,25
1,4,256,16,blocked,1,0.940333,0.847209,0.986416,25
1,1,3072,1024,cpu,1,6.527542,6.333687,6.604584,23
1,1,3072,1024,blocked,1,2.888000,2.829417,2.939083,25
1,1,1024,1,cpu,1,0.144208,0.143541,0.147333,25
1,1,1024,1,blocked,1,0.501750,0.492625,0.551125,25
1,1,64,64,cpu,1,0.002417,0.002375,0.002500,25
1,1,64,64,blocked,1,0.190875,0.178208,0.591459,25
1,256,256,1,cpu,1,0.443000,0.421000,0.621291,25
1,16,1024,1024,cpu,1,12.196083,11.924875,12.570459,13
1,16,1024,1024,blocked,1,11.424417,11.348375,11.515583,13
1,1,256,16,cpu,1,0.007917,0.007916,0.008041,25
1,1,256,16,blocked,1,0.587750,0.321458,0.702125,25
1,256,256,256,cpu,1,2.486667,2.467417,2.597792,25
1,16,512,64,cpu,1,0.210041,0.202667,0.229333,25
1,16,512,64,blocked,1,4.970917,4.879167,5.038958,25
1,64,512,16,cpu,1,0.380417,0.362333,0.416708,25
1,64,512,16,blocked,1,19.737729,19.670406,19.809760,8
1,1,512,64,cpu,1,0.030166,0.028375,0.031917,25
1,1,512,64,blocked,1,0.439167,0.426708,0.811084,25
1,1,512,16,cpu,1,0.022500,0.022375,0.022625,25
1,1,512,16,blocked,1,0.458958,0.419042,0.847708,25
1,1,1024,256,cpu,1,0.290666,0.289334,0.294584,25
1,1,1024,256,blocked,1,1.065250,0.558667,1.396667,25
1,64,64,1,cpu,1,0.013333,0.013084,0.013625,25
1,64,64,1,blocked,1,8.717937,8.702218,8.774209,18
1,1,512,256,cpu,1,0.094041,0.092250,0.094708,25
1,1,512,256,blocked,1,0.470959,0.432417,0.700542,25
1,4,2048,16,cpu,1,0.572000,0.560875,0.605208,25
1,4,2048,16,blocked,1,3.348750,3.299875,3.552208,25
1,1,3072,16,cpu,1,0.551041,0.547459,0.582042,25
1,1,3072,16,blocked,1,1.850667,1.191875,1.978208,25
1,1,128,16,cpu,1,0.003875,0.003792,0.004000,25
1,1,128,16,blocked,1,0.241042,0.224125,0.279583,25
1,1,2048,64,cpu,1,0.326458,0.325583,0.328625,25
1,1,2048,64,blocked,1,0.912916,0.839458,1.528375,25
1,1,512,1,cpu,1,0.033958,0.033917,0.034083,25
1,1,512,1,blocked,1,0.384834,0.370375,0.634291,25
1,4,1024,16,cpu,1,0.130833,0.127417,0.138667,25
1,4,1024,16,blocked,1,1.920541,1.911042,2.021542,25
1,4,64,64,cpu,1,0.014000,0.013500,0.015000,25
1,4,64,64,blocked,1,0.859833,0.818542,0.982834,25
1,16,128,64,cpu,1,0.069583,0.042917,0.069833,25
1,16,128,64,blocked,1,2.602292,2.495959,2.925250,25
1,4,256,256,cpu,1,0.071875,0.070875,0.073208,25
1,4,256,256,blocked,1,0.921250,0.913042,1.038625,25
1,1,128,64,cpu,1,0.004667,0.004625,0.004750,25
1,1,128,64,blocked,1,0.239250,0.227709,0.513291,25
1,1,2048,1024,cpu,1,3.365041,3.339667,3.400875,25
1,1,2048,1024,blocked,1,2.511416,1.693459,2.626417,25
1,16,256,16,cpu,1,0.068792,0.058166,0.120208,25
1,16,256,16,blocked,1,3.669375,3.618041,3.701833,25
1,16,128,1,cpu,1,0.023125,0.022959,0.026041,25
1,16,128,1,blocked,1,2.803666,2.485666,2.873958,25
1,4,128,16,cpu,1,0.015958,0.015459,0.017542,25
1,4,128,16,blocked,1,0.739208,0.721708,0.881209,25
1,4,2048,1,cpu,1,0.912458,0.879125,0.960250,25
1,4,2048,1,blocked,1,3.190250,3.097250,4.268583,25
1,4,2048,256,cpu,1,2.405166,2.395333,2.425000,25
1,4,2048,256,blocked,1,4.405042,4.298500,4.498625,25
1,1,4096,4096,cpu,1,52.654583,50.979875,54.329291,2
1,1,4096,4096,blocked,1,12.549187,12.534177,12.590167,12
1,16,128,16,cpu,1,0.053792,0.041333,0.054083,25
1,16,128,16,blocked,1,2.526959,2.453417,2.867250,25
1,4,512,16,cpu,1,0.045833,0.042917,0.065916,25
1,4,512,16,blocked,1,1.206000,1.201417,1.233250,25
1,16,512,256,cpu,1,0.651459,0.627375,0.679125,25
1,16,512,256,blocked,1,5.142084,5.076000,5.236333,25
1,4,2048,1024,cpu,1,20.907083,20.782521,21.031646,2
1,4,2048,1024,blocked,1,6.708500,6.644042,7.659083,21
1,1,2048,256,cpu,1,0.860333,0.857333,0.881584,25
1,1,2048,256,blocked,1,1.521500,1.103000,2.025708,25
1,4,256,1,cpu,1,0.020000,0.018667,0.022250,25
1,4,256,1,blocked,1,0.973500,0.911959,1.122000,25
1,1,3072,1,cpu,1,1.820417,1.731542,1.973542,25
1,1,3072,1,blocked,1,1.750542,1.151416,2.038375,25
