pass,batch,M,N,backend,ok,ms,p25,p75,reps
0,16,640,64,cpu,1,1.033791,0.981334,1.355833,25
0,256,8,8,unblocked,1,0.473791,0.444542,0.615000,25
0,64,384,384,cpu,1,13.570854,12.971250,13.873031,12
0,1,192,192,unblocked,1,1.122875,1.105958,1.149792,25
0,64,16,16,cpu,1,0.172167,0.103166,0.212584,25
0,16,512,256,reduced,1,5.434458,5.301583,5.670250,25
0,1,448,448,cpu,1,2.083000,1.922750,2.130042,25
0,1,448,256,cpu,1,1.050167,1.038167,1.075542,25
0,1,128,256,cpu,1,0.272000,0.268834,0.273791,25
0,16,192,192,reduced,1,2.597000,2.543042,2.838209,25
0,1,256,128,reduced,1,1.478625,1.428083,1.513416,25
0,16,640,32,cpu,1,0.361625,0.353292,0.521125,25
0,1,768,768,reduced,1,9.745979,9.718583,9.784562,16
0,16,256,1024,reduced,1,6.859541,6.639000,7.023584,23
0,1,448,256,unblocked,1,2.721375,2.678000,2.748958,25
0,4,128,128,reduced,1,1.396375,1.357875,1.428833,25
0,16,512,128,cpu,1,1.802000,1.716375,2.234666,25
0,4,512,384,unblocked,1,4.841000,4.806541,4.911375,25
0,64,512,512,cpu,1,23.890875,23.599750,24.084459,7
0,1,8,8,cpu,1,0.003167,0.003125,0.003292,25
0,64,8,8,reduced,1,1.013625,0.934750,1.196834,25
0,16,768,768,reduced,1,25.866417,25.767052,25.898781,6
0,1,320,448,reduced,1,3.461458,3.442500,3.490042,25
0,1,128,512,cpu,1,0.438000,0.432417,0.444042,25
0,16,320,448,reduced,1,5.975417,5.810416,6.142500,25
0,1,512,128,cpu,1,0.621500,0.616167,0.634041,25
0,1,512,384,unblocked,1,4.334667,4.323125,4.348416,25
0,4,512,32,reduced,1,0.657834,0.653667,0.672500,25
0,16,32,32,unblocked,1,0.314833,0.306750,0.335875,25
0,4,64,256,cpu,1,0.306416,0.299375,0.318584,25
0,4,384,64,cpu,1,0.410208,0.405750,0.414333,25
0,1,64,640,reduced,1,0.935875,0.887500,1.394167,25
0,1,384,384,reduced,1,4.093375,4.070000,4.129958,25
0,16,64,640,cpu,1,1.336541,1.307042,1.810250,25
0,16,384,512,unblocked,1,6.301542,6.135844,6.506542,24
0,16,64,640,reduced,1,1.359708,1.293750,1.740333,25
0,1,384,64,cpu,1,0.189417,0.188459,0.194500,25
0,16,128,128,reduced,1,1.569791,1.545917,1.717125,25
0,4,384,32,unblocked,1,0.899041,0.845833,0.971125,25
0,4,64,1024,unblocked,1,0.635458,0.616542,1.636834,25
0,16,512,64,unblocked,1,1.897000,1.862792,1.954250,25
0,4,256,16,unblocked,1,0.868875,0.755875,0.897750,25
0,1,16,16,reduced,1,0.849166,0.831375,0.899167,25
0,1,64,1024,reduced,1,1.065375,0.997000,1.172875,25
0,1,256,1024,reduced,1,2.832833,2.812416,2.854708,25
0,4,512,512,unblocked,1,6.153417,6.071291,6.209916,25
0,1,64,256,cpu,1,0.127625,0.120500,0.129750,25
0,1,256,1024,unblocked,1,2.348542,2.292125,2.373208,25
0,1,640,256,reduced,1,3.613000,3.582292,3.653500,25
0,4,128,512,reduced,1,1.600416,1.569917,1.646417,25
0,16,128,64,reduced,1,0.961000,0.930375,1.008834,25
0,4,64,640,cpu,1,0.857500,0.834375,0.871500,25
0,1,512,32,reduced,1,0.877166,0.621208,0.968084,25
0,4,128,512,cpu,1,0.656083,0.635250,0.663334,25
0,4,2048,64,unblocked,1,17.800542,17.752375,17.828000,9
0,16,32,32,cpu,1,0.087000,0.075750,0.124042,25
0,16,640,640,reduced,1,17.595000,17.495459,17.618708,9
0,64,8,8,unblocked,1,0.210542,0.206166,0.259125,25
0,16,512,64,reduced,1,1.804542,1.626791,1.921125,25
0,1,256,16,cpu,1,0.023250,0.022875,0.023958,25
0,1,320,320,cpu,1,1.064583,1.033208,1.074041,25
0,16,256,512,unblocked,1,3.633792,3.517542,3.922167,25
0,4,64,2048,cpu,1,2.900584,2.372250,2.988666,25
0,1,1024,1024,reduced,1,14.636167,14.607416,14.684750,11
0,4,448,256,reduced,1,3.382333,3.360250,3.435000,25
0,1,640,32,reduced,1,0.724000,0.689583,0.778833,25
0,16,32,384,cpu,1,0.696917,0.478125,0.712292,25
0,1,2048,2048,cpu,1,91.524875,90.993792,91.630875,5
0,64,640,640,cpu,1,37.974000,37.283833,38.412500,5
0,64,256,256,reduced,1,12.043083,11.875042,12.149292,13
0,16,384,128,unblocked,1,2.089708,1.842417,2.505166,25
0,64,768,768,reduced,1,98.644542,98.620042,99.328792,5
0,4,256,384,cpu,1,1.190000,1.184708,1.216416,25
0,16,320,320,cpu,1,2.475625,2.180625,2.552167,25
0,4,320,320,reduced,1,3.604375,3.583250,3.651667,25
0,16,384,256,unblocked,1,3.800542,3.624417,3.977292,25
0,16,512,256,cpu,1,3.761375,3.523458,3.809792,25
0,1,256,1024,cpu,1,2.022708,1.972959,2.124042,25
0,16,128,128,cpu,1,0.636042,0.617459,0.714834,25
0,4,320,320,cpu,1,1.127125,1.106541,1.155917,25
0,16,64,2048,cpu,1,4.613166,4.530333,4.752291,25
0,1,1024,64,reduced,1,1.417542,1.400292,1.466500,25
0,1,256,32,unblocked,1,0.602208,0.554333,0.636458,25
0,1,2048,64,cpu,1,0.703375,0.697042,0.711667,25
0,1,32,512,unblocked,1,0.827583,0.817209,1.026125,25
0,16,256,64,reduced,1,1.042209,1.026917,1.083584,25
0,1,1024,64,cpu,1,0.383625,0.378334,0.388792,25
0,4,512,512,cpu,1,4.147458,4.027416,4.227708,25
0,16,1024,64,reduced,1,2.196875,2.137375,2.466292,25
0,16,16,256,unblocked,1,0.541166,0.519584,0.790333,25
0,1,64,64,reduced,1,0.765375,0.709792,0.835208,25
0,4,3072,3072,unblocked,1,837.967334,837.185709,838.366792,5
0,16,32,384,unblocked,1,0.449208,0.440250,1.009500,25
0,1,32,384,unblocked,1,0.308916,0.304625,0.323042,25
0,4,256,64,unblocked,1,0.794667,0.698625,0.829917,25
0,1024,32,32,reduced,1,9.096625,9.056000,9.156625,17
0,16,256,1024,unblocked,1,5.423041,5.261458,5.487542,25
0,16,32,512,cpu,1,0.657166,0.645375,0.968958,25
0,2,1024,1024,cpu,1,17.832208,16.778125,18.076209,9
0,1,8,8,unblocked,1,0.410000,0.391708,0.509416,25
0,16,256,128,cpu,1,0.942500,0.902166,1.025125,25
0,16,384,256,reduced,1,4.565291,4.454666,4.668417,25
0,16,256,256,unblocked,1,2.588250,2.524042,2.702583,25
0,64,320,320,unblocked,1,12.887875,12.679865,13.424781,12
0,4,64,384,cpu,1,0.475292,0.468542,0.484000,25
0,1,320,320,reduced,1,3.353375,3.345250,3.388500,25
0,1,32,512,cpu,1,0.454667,0.453625,0.458625,25
0,64,384,384,unblocked,1,19.196896,19.057437,19.437458,8
0,1,32,32,unblocked,1,0.250875,0.241666,0.258875,25
0,1,448,448,reduced,1,4.885792,4.860750,4.932250,25
0,1,512,32,cpu,1,0.097542,0.095917,0.098375,25
0,16,128,32,cpu,1,0.121041,0.115875,0.156709,25
0,16,32,32,reduced,1,0.471792,0.455958,1.075458,25
0,4,192,192,reduced,1,2.103208,2.080041,2.130500,25
0,4,1024,1024,cpu,1,21.442167,21.381687,22.480042,7
0,1,320,320,unblocked,1,2.279708,2.239709,2.292417,25
0,4,448,448,cpu,1,2.105000,2.075791,2.134333,25
0,16,512,384,cpu,1,4.975042,4.742792,5.038875,25
0,2,2048,2048,unblocked,1,231.142625,231.136583,232.295459,5
0,4,64,2048,unblocked,1,0.876125,0.808375,1.278084,25
0,4,3072,3072,cpu,1,363.236250,362.660750,366.391916,5
0,1,512,512,reduced,1,5.816583,5.745458,5.840291,25
0,4,192,192,cpu,1,0.490166,0.487875,0.499667,25
0,256,16,16,reduced,1,2.361375,2.349542,2.394000,25
0,4,640,640,unblocked,1,10.451125,10.394229,10.491208,15
0,1,384,256,cpu,1,0.994667,0.976667,1.007292,25
0,4,384,256,unblocked,1,2.458792,2.448625,2.480125,25
0,16,256,384,unblocked,1,2.961208,2.925417,3.464458,25
0,4,64,64,unblocked,1,0.439084,0.427667,0.638667,25
0,1,256,64,reduced,1,1.112167,0.910708,1.192167,25
0,16,1024,256,reduced,1,9.000583,8.870875,9.080875,17
0,4,512,32,unblocked,1,1.241375,1.232208,1.286291,25
0,16,768,768,unblocked,1,26.358979,26.189010,26.472822,6
0,4,128,128,cpu,1,0.387000,0.385125,0.392042,25
0,4,8,8,reduced,1,0.426917,0.415750,0.443708,25
0,1,3072,3072,unblocked,1,781.587875,781.382625,781.736959,5
0,16,320,448,cpu,1,2.691750,2.398625,2.729792,25
0,1,384,256,reduced,1,2.955625,2.942042,2.976958,25
0,16,256,16,reduced,1,0.566375,0.563833,0.571875,25
0,16,320,448,unblocked,1,4.629792,4.402916,4.733333,25
0,1024,16,16,unblocked,1,1.063250,0.693625,1.121083,25
0,64,320,320,reduced,1,16.954666,16.901542,17.019625,9
0,2,1536,1536,reduced,1,33.901791,33.885583,34.324458,5
0,64,128,128,reduced,1,4.339333,4.305709,4.383250,25
0,16,64,1024,reduced,1,1.823375,1.772041,1.901333,25
0,1,32,32,cpu,1,0.009375,0.009250,0.009667,25
0,1,64,64,unblocked,1,0.395708,0.387167,0.406625,25
0,16,256,256,cpu,1,1.604000,1.507292,1.779125,25
0,16,384,32,reduced,1,0.821584,0.695292,0.974291,25
0,1,128,32,reduced,1,0.500167,0.492583,0.534167,25
0,1,640,64,reduced,1,1.156042,1.114042,1.197125,25
0,16,192,192,cpu,1,0.968417,0.785416,1.278458,25
0,4,384,384,cpu,1,1.836542,1.819167,1.869667,25
0,16,192,192,unblocked,1,1.604875,1.550500,1.792917,25
0,4,1024,64,reduced,1,1.558000,1.519459,1.590167,25
0,4,512,128,cpu,1,1.145708,1.129000,1.165959,25
0,1,384,64,unblocked,1,0.977417,0.947750,1.014667,25
0,1,2048,2048,reduced,1,49.363417,49.314250,49.398709,5
0,16,768,768,cpu,1,18.297875,18.213583,18.515125,9
0,1,2048,64,unblocked,1,15.802374,15.732843,15.876437,10
0,1,512,64,reduced,1,1.034458,0.982750,1.072000,25
0,256,32,32,cpu,1,0.276583,0.259667,0.544791,25
0,2,1536,1536,unblocked,1,104.157458,104.122167,104.320708,5
0,1,448,256,reduced,1,3.093500,3.044667,3.148416,25
0,4,32,512,reduced,1,0.578542,0.568750,0.632000,25
0,16,256,16,unblocked,1,0.517792,0.512166,0.539209,25
0,4,320,448,unblocked,1,2.775125,2.737917,2.806041,25
0,16,8,8,unblocked,1,0.206333,0.183041,0.220666,25
0,4,1536,1536,unblocked,1,110.543167,110.489167,110.599542,5
0,16,64,384,unblocked,1,0.720875,0.701708,1.153625,25
0,1,384,32,cpu,1,0.082750,0.082000,0.084084,25
0,4,512,128,reduced,1,1.950416,1.936917,1.984458,25
0,4,32,32,reduced,1,0.447959,0.438041,0.515584,25
0,1,256,256,cpu,1,0.837875,0.827458,0.858833,25
0,16,1024,64,cpu,1,1.460792,1.426708,1.860958,25
0,16,384,64,reduced,1,1.287458,1.253417,1.325417,25
0,256,32,32,reduced,1,2.519334,2.506708,2.549583,25
0,1,512,32,unblocked,1,1.126167,1.099291,1.148875,25
0,16,16,16,reduced,1,0.441458,0.431125,0.452250,25
0,4,1536,1536,reduced,1,47.363291,47.201458,47.538917,5
0,16,448,448,reduced,1,9.084875,9.046709,9.133417,17
0,1,640,32,unblocked,1,1.556250,1.526209,1.593875,25
0,1,640,64,cpu,1,0.274667,0.273500,0.277834,25
0,16,640,128,unblocked,1,4.114792,4.066750,4.159875,25
0,64,768,768,cpu,1,62.927041,61.810458,63.128750,5
0,4,640,64,unblocked,1,2.070250,2.049708,2.089500,25
0,1,512,128,unblocked,1,1.693334,1.674375,1.713000,25
0,1,32,384,cpu,1,0.318750,0.316500,0.321834,25
0,16,16,16,unblocked,1,0.248708,0.241875,0.259292,25
0,16,128,64,cpu,1,0.268750,0.263667,0.288375,25
0,1,640,256,cpu,1,1.500625,1.486000,1.522500,25
0,16,512,384,reduced,1,8.288750,8.161750,8.420604,18
0,4,32,32,unblocked,1,0.281250,0.272042,0.286458,25
0,4,256,384,unblocked,1,1.917375,1.904416,1.935708,25
0,1,192,192,cpu,1,0.399375,0.396041,0.410125,25
0,64,8,8,cpu,1,0.069417,0.066916,0.071125,25
0,16,32,512,unblocked,1,0.648417,0.468916,1.033500,25
0,4,3072,3072,reduced,1,268.284667,267.756292,268.989250,5
0,256,16,16,cpu,1,0.170000,0.149042,0.526084,25
0,1,256,384,unblocked,1,1.733625,1.707167,1.749417,25
0,1,256,16,reduced,1,0.505708,0.500334,0.513417,25
0,16,2048,64,unblocked,1,23.419750,23.356917,23.432187,7
0,1,16,16,cpu,1,0.004750,0.004709,0.004834,25
0,1,256,512,cpu,1,1.203125,1.188791,1.209875,25
0,16,64,2048,reduced,1,3.039750,2.955625,3.375500,25
0,16,256,128,reduced,1,1.943750,1.903750,2.017250,25
0,4,384,64,reduced,1,1.105083,1.051792,1.282709,25
0,4,16,16,cpu,1,0.019125,0.018292,0.019500,25
0,1,512,64,cpu,1,0.225708,0.223750,0.228709,25
0,4,448,448,unblocked,1,4.604792,4.576708,4.655333,25
0,64,32,32,unblocked,1,0.377958,0.368958,0.392083,25
0,4,320,320,unblocked,1,2.479334,2.470125,2.495375,25
0,16,256,64,unblocked,1,0.934875,0.907083,0.944792,25
0,2,2048,2048,reduced,1,62.073041,61.475833,62.338833,5
0,1,16,256,reduced,1,0.495917,0.466916,1.081208,25
0,16,8,8,reduced,1,0.413583,0.394208,0.435958,25
0,4,2048,2048,reduced,1,95.972667,95.786666,96.500667,5
0,1,640,640,reduced,1,7.652146,7.609563,7.694708,20
0,4,16,16,unblocked,1,0.217083,0.201375,0.235041,25
0,16,64,64,reduced,1,0.858792,0.809750,0.896458,25
0,4,128,128,unblocked,1,0.818375,0.740291,0.831500,25
0,4,64,256,reduced,1,0.914917,0.807833,1.994792,25
0,1,128,128,cpu,1,0.218250,0.213834,0.227125,25
0,4,1024,64,unblocked,1,4.425083,4.396709,4.472375,25
0,16,2048,64,reduced,1,4.039292,3.991250,4.090417,25
0,4,448,256,cpu,1,1.316292,1.303917,1.344208,25
0,1,3072,3072,reduced,1,112.861458,112.334250,112.928792,5
0,1,128,128,reduced,1,1.329500,1.299792,1.345583,25
0,1,640,512,cpu,1,3.615542,3.493125,3.723916,25
0,16,128,512,cpu,1,1.524875,1.132458,1.572459,25
0,2,1536,1536,cpu,1,44.551875,44.217708,45.006500,5
0,1,512,256,unblocked,1,3.105209,3.097542,3.118916,25
0,4,64,64,cpu,1,0.061500,0.060000,0.063125,25
0,4,640,640,cpu,1,5.695000,5.653125,6.056209,25
0,16,128,32,unblocked,1,1.085917,0.428791,1.162125,25
0,256,8,8,cpu,1,0.230500,0.086792,0.253167,25
0,1,128,64,reduced,1,0.832542,0.787792,1.378417,25
0,16,32,384,reduced,1,0.649083,0.636875,0.669958,25
0,4,32,384,cpu,1,0.397458,0.393834,0.401667,25
0,1,1024,64,unblocked,1,3.942625,3.912375,3.964625,25
0,16,64,256,unblocked,1,0.600709,0.585083,0.963917,25
0,2,1024,1024,reduced,1,16.567230,16.431302,16.597177,10
0,16,256,16,cpu,1,0.146125,0.109166,0.264291,25
0,1,256,16,unblocked,1,0.434125,0.428042,0.506917,25
0,4,512,32,cpu,1,0.174292,0.171958,0.178041,25
0,64,768,768,unblocked,1,108.690250,108.651000,109.543833,5
0,16,320,320,unblocked,1,3.792792,3.679208,4.180500,25
0,1,320,448,cpu,1,1.156000,1.133208,1.179333,25
0,1,32,512,reduced,1,0.502792,0.498750,0.513375,25
0,64,320,320,cpu,1,6.446834,6.267949,6.676084,24
0,16,384,128,reduced,1,2.289917,2.247333,2.718000,25
0,1,1536,1536,cpu,1,38.654083,38.478458,38.805250,5
0,1,128,32,cpu,1,0.028833,0.028292,0.030416,25
0,1,256,256,unblocked,1,1.574125,1.534792,1.582916,25
0,1,256,512,unblocked,1,1.837583,1.817958,1.947750,25
0,4,384,256,reduced,1,3.225041,3.204875,3.259209,25
0,4,64,2048,reduced,1,1.537166,1.496083,1.610458,25
0,16,512,512,cpu,1,7.322563,7.166802,8.001709,20
0,4,320,448,reduced,1,3.846833,3.818792,3.898584,25
0,4,64,384,reduced,1,1.134417,0.959875,1.357583,25
0,16,256,32,cpu,1,0.192292,0.186958,0.214750,25
0,1024,32,32,unblocked,1,1.834041,1.757917,1.929541,25
0,1,384,128,reduced,1,1.642541,1.605708,1.652500,25
0,4,256,64,reduced,1,0.945167,0.892167,0.990417,25
0,1,256,128,unblocked,1,0.941375,0.926583,0.995917,25
0,4,64,1024,cpu,1,1.407125,1.388250,1.448875,25
0,1,64,2048,cpu,1,1.172000,1.164458,1.182500,25
0,16,640,32,reduced,1,0.949083,0.918250,0.993625,25
0,1,1024,1024,unblocked,1,30.009500,30.001708,30.039875,5
0,4,1024,1024,reduced,1,20.225313,19.909438,20.512073,8
0,1,16,16,unblocked,1,0.201333,0.187792,0.216334,25
0,1,32,32,reduced,1,0.411083,0.400792,0.434459,25
0,1,256,128,cpu,1,0.319875,0.316208,0.332500,25
0,4,256,256,reduced,1,2.844167,2.821958,2.885375,25
0,1,512,384,cpu,1,2.453167,2.409000,2.495000,25
0,16,384,64,unblocked,1,1.414750,1.366083,1.498584,25
0,16,2048,64,cpu,1,2.834042,2.594500,2.979292,25
0,16,512,32,reduced,1,0.945291,0.881917,1.315584,25
0,64,192,192,unblocked,1,4.827083,4.532500,4.894416,25
0,64,16,16,reduced,1,1.006750,0.964375,1.545417,25
0,16,64,256,cpu,1,0.495959,0.489958,0.561209,25
0,1,128,512,reduced,1,1.475042,1.449500,1.510750,25
0,64,128,128,cpu,1,1.880917,1.856375,1.951500,25
0,4,512,512,reduced,1,6.759375,6.720625,6.802874,23
0,4,256,16,reduced,1,0.526250,0.517625,0.548667,25
0,1,384,128,unblocked,1,1.275333,1.263875,1.305333,25
0,256,32,32,unblocked,1,0.572291,0.564250,0.590625,25
0,1,128,256,reduced,1,1.387833,1.352666,1.739583,25
0,1024,16,16,reduced,1,8.313083,8.279500,8.333583,19
0,1,64,640,unblocked,1,0.479959,0.464542,0.580292,25
0,16,384,512,reduced,1,7.968875,7.845438,8.129229,19
0,1,1536,1536,unblocked,1,100.623833,99.898667,100.692292,5
0,1,3072,3072,cpu,1,244.383666,244.269125,244.697666,5
0,16,640,512,unblocked,1,13.729333,13.574562,13.862917,11
0,1,256,32,cpu,1,0.053542,0.053000,0.055292,25
0,1,64,256,reduced,1,0.799625,0.748750,0.847875,25
0,4,640,640,reduced,1,9.248583,9.220208,9.277375,17
0,16,64,1024,unblocked,1,1.186167,1.114041,1.320375,25
0,16,384,384,cpu,1,3.517333,3.224667,3.587375,25
0,16,256,128,unblocked,1,1.324083,1.295375,1.371667,25
0,1,640,128,cpu,1,0.753166,0.748958,0.763875,25
0,1,384,384,cpu,1,1.745625,1.712250,1.765917,25
0,1,256,256,reduced,1,2.649292,2.644000,2.691417,25
0,16,64,640,unblocked,1,0.968792,0.883250,1.026042,25
0,16,256,512,reduced,1,4.897000,4.612042,5.113792,25
0,4,384,256,cpu,1,1.265666,1.246583,1.288875,25
0,16,512,384,unblocked,1,7.627416,7.404281,7.805250,20
0,16,256,384,cpu,1,2.000583,1.874875,2.328292,25
0,64,512,512,unblocked,1,37.080958,36.971500,37.736709,5
0,64,256,256,cpu,1,5.073917,4.993458,5.323375,25
0,4,32,512,unblocked,1,0.387166,0.379875,0.409625,25
0,4,256,16,cpu,1,0.048541,0.047208,0.049416,25
0,1,16,256,cpu,1,0.018459,0.017959,0.019292,25
0,1,640,640,cpu,1,4.688916,4.503792,4.796750,25
0,16,448,448,cpu,1,4.038667,3.933250,4.279875,25
0,4,8,8,unblocked,1,0.393709,0.320584,0.560000,25
0,64,192,192,cpu,1,2.759500,2.529584,2.846417,25
0,16,640,256,unblocked,1,7.384250,6.993625,7.676291,21
0,16,128,64,unblocked,1,0.599708,0.591833,0.614000,25
0,4,1024,256,reduced,1,5.409083,5.390042,5.449459,25
0,16,1024,256,cpu,1,6.592375,6.345771,7.042813,23
0,1,256,384,reduced,1,2.689959,2.676125,2.748959,25
0,1,640,128,unblocked,1,2.367041,2.352042,2.396167,25
0,1,640,64,unblocked,1,1.825667,1.810000,1.856375,25
0,16,512,32,cpu,1,0.313417,0.300084,0.497875,25
0,1024,16,16,cpu,1,0.350750,0.302292,0.565916,25
0,1,640,512,unblocked,1,7.718770,7.699553,7.749636,20
0,16,128,512,reduced,1,2.302750,2.251000,2.438875,25
0,1,16,256,unblocked,1,0.229291,0.221458,0.244458,25
0,1,64,2048,reduced,1,1.307083,1.259208,1.333000,25
0,2,3072,3072,cpu,1,310.762667,307.800958,310.834583,5
0,1,128,512,unblocked,1,0.938083,0.865208,1.336917,25
0,4,1024,64,cpu,1,0.909250,0.893708,0.926125,25
0,1,512,512,cpu,1,3.581291,3.488041,3.733334,25
0,1,64,384,cpu,1,0.201667,0.197417,0.204875,25
0,16,640,640,unblocked,1,16.824708,16.596250,17.049500,9
0,4,256,256,cpu,1,0.962667,0.953000,0.989792,25
0,4,16,256,unblocked,1,0.252125,0.245750,0.286958,25
0,16,640,128,cpu,1,2.515125,2.270750,2.757000,25
0,1,512,512,unblocked,1,5.369125,5.346584,5.415459,25
0,16,384,128,cpu,1,1.812542,1.362458,1.916667,25
0,64,128,128,unblocked,1,2.061541,1.993709,2.215042,25
0,1,64,64,cpu,1,0.035917,0.035333,0.040167,25
0,1,128,128,unblocked,1,0.890917,0.764541,0.945250,25
0,16,256,1024,cpu,1,4.199208,4.144500,4.526958,25
0,1,64,384,reduced,1,0.873875,0.831375,1.061917,25
0,16,512,512,unblocked,1,9.808021,9.618135,9.989677,16
0,16,128,256,unblocked,1,1.178625,1.112291,1.464875,25
0,16,256,64,cpu,1,0.424291,0.414625,0.506167,25
0,16,384,384,unblocked,1,5.463125,5.225875,5.598916,25
0,4,64,384,unblocked,1,0.856416,0.768375,0.876916,25
0,1,384,384,unblocked,1,3.109875,3.075958,3.115000,25
0,16,16,256,reduced,1,0.536000,0.530542,0.547541,25
0,1,192,192,reduced,1,1.957959,1.943791,1.972458,25
0,64,32,32,reduced,1,0.998833,0.985958,1.026042,25
0,1024,8,8,unblocked,1,0.421917,0.413500,0.440625,25
0,64,64,64,unblocked,1,0.732709,0.716208,0.805250,25
0,4,384,32,cpu,1,0.146417,0.143250,0.151292,25
0,16,512,512,reduced,1,11.441501,11.331156,11.641521,14
0,4,1024,256,unblocked,1,10.058208,10.031271,10.080313,15
0,4,64,640,unblocked,1,0.559917,0.550875,0.579209,25
0,16,1024,64,unblocked,1,6.264896,6.230000,6.322552,24
0,4,768,768,reduced,1,12.125542,12.091333,12.674542,13
0,16,32,512,reduced,1,0.696041,0.682834,0.719209,25
0,1,768,768,cpu,1,7.305875,7.158500,7.452833,21
0,4,2048,2048,cpu,1,142.019584,140.552958,143.197750,5
0,1,640,640,unblocked,1,9.159458,9.142750,9.173250,17
0,16,448,448,unblocked,1,7.623520,7.417500,7.772760,20
0,4,384,32,reduced,1,0.591750,0.584666,0.602958,25
0,16,640,640,cpu,1,11.250937,11.209073,11.364906,14
0,16,128,256,cpu,1,0.842125,0.747125,0.876250,25
0,1,384,32,unblocked,1,0.853292,0.811625,1.300958,25
0,4,192,192,unblocked,1,1.295708,1.197292,1.344625,25
0,16,64,64,unblocked,1,0.726708,0.591917,0.814750,25
0,16,384,256,cpu,1,2.482042,2.043709,2.521375,25
0,4,1536,1536,cpu,1,63.263417,56.413708,63.340458,5
0,16,384,32,cpu,1,0.267500,0.247708,0.528833,25
0,4,512,128,unblocked,1,1.857042,1.823709,1.891541,25
0,1,512,384,reduced,1,4.527750,4.503167,4.553291,25
0,16,640,512,cpu,1,9.325396,8.898729,10.626083,16
0,1,384,64,reduced,1,0.906833,0.894834,1.473708,25
0,16,8,8,cpu,1,0.018833,0.018584,0.019584,25
0,1,256,512,reduced,1,2.710791,2.691792,2.814209,25
0,16,512,256,unblocked,1,4.946292,4.883542,5.198625,25
0,16,448,256,cpu,1,2.448292,2.421333,2.679209,25
0,4,512,384,reduced,1,5.169708,5.115542,5.226167,25
0,16,64,2048,unblocked,1,1.939833,1.885083,2.147417,25
0,4,448,256,unblocked,1,2.944000,2.929083,2.965583,25
0,16,640,64,reduced,1,1.594708,1.541917,1.659292,25
0,16,64,64,cpu,1,0.147750,0.132708,0.507042,25
0,1,640,512,reduced,1,6.404125,6.336114,6.443062,24
0,4,2048,2048,unblocked,1,240.664291,240.512542,240.863167,5
0,1,32,384,reduced,1,0.506042,0.500125,0.515958,25
0,64,640,640,reduced,1,66.594291,66.476958,66.624209,5
0,1024,8,8,cpu,1,0.177417,0.170042,0.554875,25
0,4,32,512,cpu,1,0.581916,0.578833,0.586708,25
0,4,384,384,reduced,1,4.533042,4.501917,4.555875,25
0,1,8,8,reduced,1,0.428958,0.412125,0.480750,25
0,256,16,16,unblocked,1,0.334875,0.325000,0.349333,25
0,1,640,256,unblocked,1,4.328625,4.317417,4.336667,25
0,16,256,256,reduced,1,3.724666,3.670708,3.796542,25
0,64,448,448,cpu,1,13.177187,13.131500,13.428115,12
0,64,192,192,reduced,1,7.948229,7.702844,8.027990,20
0,1,512,64,unblocked,1,1.429291,1.322333,1.482209,25
0,2,3072,3072,reduced,1,163.291375,163.218916,163.831875,5
0,1,64,256,unblocked,1,0.431125,0.423916,0.512791,25
0,1,1024,256,reduced,1,4.603041,4.554667,4.639791,25
0,2,3072,3072,unblocked,1,795.836209,795.769084,796.240750,5
0,16,16,256,cpu,1,0.118291,0.102042,0.208833,25
0,16,256,32,unblocked,1,0.668584,0.655916,0.699167,25
0,4,1024,1024,unblocked,1,34.060916,34.039209,34.134958,5
0,4,2048,64,cpu,1,1.752959,1.738042,1.774458,25
0,16,640,128,reduced,1,3.050584,3.025000,3.083458,25
0,4,384,64,unblocked,1,1.122041,1.072750,1.166417,25
0,1,640,32,cpu,1,0.122833,0.119208,0.124292,25
0,4,768,768,cpu,1,9.049833,8.822792,9.212500,17
0,4,1024,256,cpu,1,3.353167,3.054291,3.517708,25
0,1,384,32,reduced,1,0.926416,0.573791,1.030459,25
0,4,64,1024,reduced,1,1.195167,1.149292,1.208000,25
0,4,256,384,reduced,1,2.917875,2.850000,2.939041,25
0,4,64,256,unblocked,1,0.482125,0.472583,0.499625,25
0,64,32,32,cpu,1,0.151459,0.145583,0.496666,25
0,1,1536,1536,reduced,1,29.978355,29.726073,30.199823,6
0,4,320,448,cpu,1,1.264416,1.243000,1.294083,25
0,1,384,512,cpu,1,1.920834,1.869083,1.955875,25
0,1,640,128,reduced,1,2.022500,1.988417,2.057542,25
0,1,1024,256,cpu,1,2.577208,2.563833,2.607625,25
0,64,448,448,reduced,1,31.760250,31.747750,31.884917,5
0,1,128,64,cpu,1,0.083166,0.082292,0.085333,25
0,4,32,32,cpu,1,0.033125,0.030750,0.035375,25
0,16,640,256,reduced,1,6.506750,6.260104,6.574261,24
0,16,16,16,cpu,1,0.045375,0.044250,0.047334,25
0,16,128,128,unblocked,1,0.968458,0.917625,1.022375,25
0,16,512,128,unblocked,1,2.643042,2.595917,2.690625,25
0,1,512,256,reduced,1,3.253667,3.219958,3.289709,25
0,1,256,64,unblocked,1,0.683042,0.624291,0.724041,25
0,16,64,384,reduced,1,1.158458,1.101084,1.179625,25
0,16,320,320,reduced,1,5.119000,5.051000,5.276166,25
0,4,256,256,unblocked,1,1.734958,1.722167,1.762625,25
0,1024,8,8,reduced,1,8.192750,8.181750,8.230500,19
0,1,384,512,unblocked,1,3.365209,3.353792,3.377209,25
0,16,256,512,cpu,1,2.799708,2.723750,2.859042,25
0,16,256,384,reduced,1,4.224291,4.110000,4.463333,25
0,4,32,384,reduced,1,0.607125,0.598750,0.652125,25
0,1,256,32,reduced,1,0.915209,0.578292,1.065666,25
0,4,448,448,reduced,1,5.681583,5.631542,5.756875,25
0,16,64,384,cpu,1,0.760916,0.748917,0.779792,25
0,16,384,512,cpu,1,4.400000,4.133583,4.470709,25
0,4,64,64,reduced,1,0.775500,0.727000,0.804750,25
0,1,384,256,unblocked,1,2.262375,2.206959,2.299000,25
0,16,512,64,cpu,1,0.780500,0.760584,0.803958,25
0,1024,32,32,cpu,1,1.234250,0.809625,1.278625,25
0,4,16,256,cpu,1,0.043167,0.040041,0.048166,25
0,1,64,384,unblocked,1,0.497583,0.435625,1.417875,25
0,1,2048,2048,unblocked,1,224.086334,224.063459,224.807291,5
0,1,1024,1024,cpu,1,16.754625,16.609833,16.853125,9
0,1,512,128,reduced,1,1.847375,1.806458,1.962000,25
0,64,64,64,cpu,1,0.314166,0.275667,0.565584,25
0,4,32,384,unblocked,1,0.356333,0.347791,0.372417,25
0,16,384,64,cpu,1,0.632542,0.625083,0.646917,25
0,1,256,64,cpu,1,0.106208,0.102084,0.111167,25
0,1,768,768,unblocked,1,14.433750,14.424416,14.494667,11
0,16,64,1024,cpu,1,2.605916,2.268792,2.640167,25
0,1,512,256,cpu,1,1.421583,1.407458,1.432083,25
0,4,256,1024,reduced,1,3.621167,3.550209,3.661917,25
0,4,256,1024,cpu,1,2.360041,2.345709,2.414584,25
0,1,128,256,unblocked,1,0.840459,0.821417,1.346500,25
0,1,64,1024,unblocked,1,0.519791,0.511042,0.528250,25
0,4,512,384,cpu,1,2.912333,2.729417,3.077958,25
0,4,640,64,reduced,1,1.259542,1.240916,1.308083,25
0,16,640,512,reduced,1,13.833083,13.676709,13.981250,11
0,16,448,256,unblocked,1,4.178250,4.116375,4.261500,25
0,16,384,32,unblocked,1,1.061917,1.028875,1.089208,25
0,1,320,448,unblocked,1,2.461167,2.435333,2.504333,25
0,16,128,512,unblocked,1,1.611875,1.517708,1.778875,25
0,256,8,8,reduced,1,2.300625,2.274250,2.347041,25
0,16,640,32,unblocked,1,2.237250,2.188500,2.313708,25
0,64,640,640,unblocked,1,67.810000,66.605333,67.866042,5
0,4,2048,64,reduced,1,2.743583,2.704125,2.789750,25
0,4,256,1024,unblocked,1,2.882000,2.865042,2.940250,25
0,64,256,256,unblocked,1,8.280708,8.171188,8.376104,19
0,1,256,384,cpu,1,1.037542,1.026834,1.062750,25
0,64,448,448,unblocked,1,27.290625,27.080209,27.590542,6
0,2,1024,1024,unblocked,1,31.705625,31.313416,31.753875,5
0,16,448,256,reduced,1,5.287792,5.086834,5.433833,25
0,16,384,384,reduced,1,7.361584,7.138458,7.434375,21
0,16,512,128,reduced,1,2.802500,2.736875,2.894292,25
0,1,64,640,cpu,1,0.341167,0.339959,0.345541,25
0,16,512,32,unblocked,1,1.587167,1.484292,1.977958,25
0,4,16,256,reduced,1,0.683125,0.644208,0.691791,25
0,16,256,32,reduced,1,0.956250,0.923250,0.966917,25
0,4,8,8,cpu,1,0.008750,0.008625,0.008833,25
0,16,64,256,reduced,1,1.046000,0.985000,1.538625,25
0,4,256,64,cpu,1,0.255750,0.252833,0.260000,25
0,4,64,640,reduced,1,1.023459,0.930417,1.052458,25
0,4,768,768,unblocked,1,16.479458,16.435021,16.592063,10
0,1,2048,64,reduced,1,2.363125,2.354916,2.397750,25
0,1,384,512,reduced,1,4.129416,4.086459,4.179333,25
0,16,640,64,unblocked,1,2.832000,2.775292,2.903958,25
0,1,448,448,unblocked,1,4.122291,4.112875,4.136875,25
0,1,128,64,unblocked,1,0.465583,0.456125,0.503167,25
0,4,640,64,cpu,1,0.610125,0.606375,0.615541,25
0,16,1024,256,unblocked,1,16.449604,16.296667,16.564135,10
0,1,384,128,cpu,1,0.486375,0.483375,0.494250,25
0,1,64,2048,unblocked,1,0.641083,0.627167,0.749167,25
0,64,384,384,reduced,1,23.604750,23.513063,23.841667,7
0,64,512,512,reduced,1,40.827375,40.288000,41.018000,5
0,1,128,32,unblocked,1,0.345916,0.339291,0.363250,25
0,4,128,512,unblocked,1,0.943125,0.919916,0.978917,25
0,4,384,384,unblocked,1,3.447833,3.412250,3.483750,25
0,4,16,16,reduced,1,0.393875,0.388459,0.404583,25
0,64,16,16,unblocked,1,0.248000,0.234583,0.251791,25
0,2,2048,2048,cpu,1,125.316792,124.763208,125.523834,5
0,64,64,64,reduced,1,1.939708,1.921042,1.957792,25
0,16,640,256,cpu,1,3.911000,3.653583,4.037125,25
0,1,1024,256,unblocked,1,8.973792,8.955292,8.995333,17
0,1,64,1024,cpu,1,0.580667,0.569166,0.586666,25
0,16,128,32,reduced,1,0.545833,0.540042,0.564041,25
0,16,128,256,reduced,1,1.834458,1.801875,1.901334,25
1,1,384,32,reduced,1,0.554625,0.550875,0.564625,25
1,4,64,1024,cpu,1,1.414708,1.402959,1.445000,25
1,1,128,32,unblocked,1,0.489500,0.464500,1.040750,25
1,4,384,32,unblocked,1,0.814834,0.801583,0.842166,25
1,1,128,512,unblocked,1,0.812459,0.806583,1.102042,25
1,1,320,320,reduced,1,3.299584,3.282042,3.325250,25
1,16,64,256,unblocked,1,0.597167,0.585166,0.614250,25
1,16,256,256,unblocked,1,2.414375,2.394625,2.551375,25
1,1,128,256,unblocked,1,0.783750,0.729375,0.828541,25
1,256,16,16,unblocked,1,0.343042,0.338250,0.354042,25
1,2,2048,2048,cpu,1,124.028666,123.139458,125.695208,5
1,16,128,32,unblocked,1,0.435042,0.422833,1.132000,25
1,16,512,32,reduced,1,0.896541,0.875458,1.496125,25
1,4,2048,2048,cpu,1,140.474500,138.825875,140.975250,5
1,64,192,192,unblocked,1,6.347708,4.977917,7.013458,25
1,16,640,640,reduced,1,17.449917,17.149334,17.615583,9
1,1,1024,256,unblocked,1,8.973959,8.955083,9.005875,17
1,1,640,32,cpu,1,0.117958,0.117583,0.120833,25
1,16,640,32,unblocked,1,2.234625,2.187500,2.301250,25
1,1,512,64,unblocked,1,1.293292,1.261333,1.308375,25
1,64,512,512,unblocked,1,37.292875,36.992917,37.748083,5
1,16,128,256,reduced,1,1.778958,1.734667,1.895125,25
1,1,384,512,unblocked,1,3.361708,3.326583,3.380417,25
1,16,128,64,cpu,1,0.300292,0.277084,0.357000,25
1,64,128,128,reduced,1,4.341375,4.309042,4.359750,25
1,1,32,512,unblocked,1,0.300125,0.295917,0.305750,25
1,4,384,256,unblocked,1,2.471625,2.443833,2.514083,25
1,16,128,256,cpu,1,0.750958,0.745416,0.842834,25
1,64,64,64,unblocked,1,0.793917,0.637375,1.144000,25
1,1,32,32,unblocked,1,0.425250,0.307708,0.445125,25
1,16,64,640,unblocked,1,0.984208,0.911208,2.015541,25
1,16,512,512,cpu,1,7.217000,7.081750,7.556542,21
1,16,128,512,reduced,1,2.317500,2.216959,2.589209,25
1,4,384,64,reduced,1,1.071166,1.023625,1.103000,25
1,16,32,384,reduced,1,0.936583,0.886083,1.047208,25
1,16,384,128,reduced,1,2.308417,2.250834,2.398416,25
1,1,256,64,cpu,1,0.106542,0.105375,0.107875,25
1,1,256,64,unblocked,1,0.711083,0.659709,0.733916,25
1,4,3072,3072,reduced,1,269.007250,268.219583,269.020334,5
1,1,128,256,reduced,1,1.404083,1.371416,1.440292,25
1,16,256,512,reduced,1,4.928958,4.647208,5.241250,25
1,1,64,256,cpu,1,0.126333,0.123875,0.129375,25
1,4,512,512,unblocked,1,6.141042,6.086834,6.200917,25
1,16,64,1024,unblocked,1,1.202209,1.124542,1.315667,25
1,1,3072,3072,reduced,1,112.702708,112.375875,112.761667,5
1,64,8,8,cpu,1,0.070583,0.068833,0.072083,25
1,1,32,384,unblocked,1,0.308000,0.302875,0.335417,25
1,256,32,32,cpu,1,0.290708,0.262459,0.419333,25
1,1,64,384,cpu,1,0.199333,0.194833,0.200333,25
1,16,256,32,cpu,1,0.220375,0.197333,0.522625,25
1,1,16,16,cpu,1,0.004916,0.004708,0.005250,25
1,4,256,256,unblocked,1,1.739125,1.716792,1.808167,25
1,1,16,256,cpu,1,0.018458,0.018208,0.019167,25
1,1,768,768,unblocked,1,14.475208,14.449000,14.504834,11
1,16,64,640,cpu,1,1.728916,1.337458,1.801041,25
1,4,1024,1024,reduced,1,19.719729,19.503729,19.913198,8
1,1,640,256,reduced,1,3.583375,3.570542,3.613958,25
1,4,64,256,unblocked,1,0.482167,0.472542,0.580000,25
1,2,1536,1536,reduced,1,33.944792,33.870542,33.946417,5
1,64,768,768,cpu,1,61.514333,61.064333,61.722000,5
1,1,64,256,unblocked,1,0.448333,0.423542,1.392458,25
1,16,640,64,cpu,1,1.010208,0.986000,1.400750,25
1,4,32,32,unblocked,1,0.820292,0.751042,0.863250,25
1,16,256,16,unblocked,1,0.763833,0.654167,0.801292,25
1,64,32,32,unblocked,1,0.860000,0.380333,0.980500,25
1,1,32,512,reduced,1,0.708041,0.656250,0.732375,25
1,1,256,384,reduced,1,2.691791,2.674667,2.729125,25
1,4,256,384,reduced,1,2.902417,2.841666,2.922875,25
1,4,256,1024,reduced,1,3.594667,3.542250,3.677709,25
1,1,3072,3072,cpu,1,242.690583,242.041916,243.137958,5
1,16,448,448,reduced,1,9.008042,8.928125,9.135958,17
1,64,640,640,cpu,1,39.672583,38.423792,40.245000,5
1,4,256,64,cpu,1,0.258750,0.254792,0.268625,25
1,4,640,640,unblocked,1,10.523250,10.508688,10.577479,15
1,1,64,2048,cpu,1,1.177125,1.155166,1.186667,25
1,1,64,64,cpu,1,0.035125,0.034875,0.036000,25
1,64,32,32,reduced,1,1.044458,1.008917,1.078333,25
1,16,1024,256,unblocked,1,16.355334,16.285594,16.436791,10
1,16,256,64,reduced,1,1.062583,1.011833,1.117166,25
1,64,256,256,reduced,1,11.977958,11.777167,12.076542,13
1,1,640,64,unblocked,1,1.853041,1.813458,1.876583,25
1,1,64,640,cpu,1,0.349250,0.346709,0.352291,25
1,4,256,1024,unblocked,1,2.875708,2.832833,2.954083,25
1,16,8,8,unblocked,1,0.197417,0.188416,0.216834,25
1,16,128,256,unblocked,1,1.205291,1.157917,1.880750,25
1,16,128,32,cpu,1,0.167625,0.119708,0.196916,25
1,256,16,16,cpu,1,0.164416,0.158542,0.220667,25
1,4,64,384,cpu,1,0.473000,0.468291,0.482208,25
1,16,256,1024,reduced,1,6.866166,6.650855,6.944313,23
1,1,64,64,unblocked,1,0.527666,0.434208,0.584250,25
1,16,512,512,unblocked,1,9.711272,9.636386,9.884667,16
1,1,640,256,unblocked,1,4.313042,4.284167,4.341625,25
1,4,1024,256,reduced,1,5.428459,5.398333,5.461583,25
1,1,256,512,unblocked,1,1.861084,1.805458,1.870375,25
1,16,16,16,reduced,1,0.441542,0.436542,0.458541,25
1,1,384,256,reduced,1,2.962708,2.940250,2.993917,25
1,16,64,64,unblocked,1,0.484292,0.479625,0.511250,25
1,1,128,256,cpu,1,0.270333,0.268083,0.272458,25
1,16,128,512,cpu,1,1.215875,1.092292,1.538542,25
1,4,1024,256,cpu,1,3.468792,3.083417,3.495167,25
1,1,128,128,unblocked,1,0.754292,0.706750,1.175041,25
1,16,384,32,cpu,1,0.263208,0.252584,0.525667,25
1,1,64,640,reduced,1,1.109250,0.893917,1.343334,25
1,2,2048,2048,reduced,1,61.415083,61.311791,61.591666,5
1,256,8,8,cpu,1,0.108083,0.099125,0.254958,25
1,16,256,64,unblocked,1,0.923083,0.870959,0.952209,25
1,2,2048,2048,unblocked,1,231.206208,231.068791,231.726083,5
1,16,256,16,reduced,1,0.579083,0.575916,0.587958,25
1,4,32,512,reduced,1,0.577292,0.571292,0.582500,25
1,1,256,256,cpu,1,0.836500,0.828750,0.854375,25
1,1,1024,1024,cpu,1,16.677791,16.542292,16.794083,10
1,16,512,64,reduced,1,1.419500,1.383500,1.461417,25
1,16,128,128,unblocked,1,0.992750,0.939792,1.453084,25
1,64,384,384,reduced,1,23.250833,23.048291,23.725167,7
1,64,768,768,reduced,1,98.897708,98.770375,98.998542,5
1,16,64,384,unblocked,1,0.742333,0.699250,0.842084,25
1,4,640,64,cpu,1,0.605750,0.600792,0.611125,25
1,1,32,512,cpu,1,0.450375,0.444500,0.455375,25
1,64,448,448,reduced,1,31.402000,31.395625,31.699167,5
1,4,256,1024,cpu,1,2.363625,2.345000,2.383416,25
1,2,1024,1024,unblocked,1,31.694459,31.336917,31.718666,5
1,16,2048,64,reduced,1,3.966333,3.933291,4.064500,25
1,1,128,64,cpu,1,0.083500,0.082583,0.085166,25
1,16,384,256,unblocked,1,3.953375,3.508667,4.079166,25
1,16,320,448,cpu,1,2.690208,2.371167,2.744625,25
1,1,256,64,reduced,1,0.892000,0.864125,0.915000,25
1,16,256,64,cpu,1,0.421708,0.409667,0.514917,25
1,4,1024,64,reduced,1,1.575875,1.551042,1.643750,25
1,4,64,640,cpu,1,0.841875,0.832792,0.852584,25
1,64,512,512,reduced,1,40.686792,40.489083,40.806792,5
1,1,128,64,unblocked,1,0.462708,0.453833,0.470291,25
1,16,384,128,cpu,1,1.594041,1.440250,1.818916,25
1,16,64,1024,cpu,1,2.158916,2.084625,2.533958,25
1,1,512,32,reduced,1,1.249334,0.674125,1.577250,25
1,4,256,384,unblocked,1,1.862625,1.849500,1.988041,25
1,16,768,768,unblocked,1,26.505792,26.445605,26.895729,6
1,16,384,64,reduced,1,1.281375,1.238333,1.321375,25
1,16,256,32,unblocked,1,0.664917,0.656708,0.692667,25
1,4,32,512,unblocked,1,0.364500,0.357584,0.375750,25
1,1,384,128,cpu,1,0.485417,0.480291,0.491500,25
1,1,1024,1024,unblocked,1,30.002458,29.996750,30.026583,5
1,16,640,512,reduced,1,14.012875,13.630312,14.398813,11
1,4,2048,64,unblocked,1,18.027417,18.014209,18.175625,9
1,4,1536,1536,unblocked,1,110.547625,110.174459,110.947083,5
1,64,32,32,cpu,1,0.162417,0.150625,0.485792,25
1,64,448,448,cpu,1,13.295250,13.072145,13.519115,12
1,16,384,512,unblocked,1,6.286750,6.130063,6.569355,24
1,1024,8,8,cpu,1,0.171167,0.163125,0.552375,25
1,4,3072,3072,cpu,1,360.103333,358.304416,361.781166,5
1,64,192,192,reduced,1,8.118125,8.000563,8.206854,19
1,16,384,32,reduced,1,0.724208,0.715125,0.858416,25
1,4,384,64,unblocked,1,1.267375,1.061375,1.342875,25
1,1,256,256,unblocked,1,1.596167,1.538625,1.984667,25
1,16,128,32,reduced,1,0.589709,0.579833,0.607625,25
1,16,2048,64,cpu,1,2.864416,2.746417,2.908542,25
1,4,64,384,reduced,1,0.972083,0.917750,1.464667,25
1,1,384,64,unblocked,1,1.348458,0.969666,1.428833,25
1,4,16,256,reduced,1,0.582750,0.558750,0.608292,25
1,16,64,2048,cpu,1,4.779583,4.627042,4.858084,25
1,1,32,384,cpu,1,0.316417,0.297208,0.320542,25
1,4,512,384,cpu,1,2.785125,2.770083,2.834750,25
1,1,512,256,reduced,1,3.242833,3.219000,3.266916,25
1,4,384,32,reduced,1,0.599792,0.593625,0.648875,25
1,64,640,640,unblocked,1,67.076500,66.821833,67.916083,5
1,256,8,8,unblocked,1,0.239125,0.230708,0.256041,25
1,1,2048,2048,unblocked,1,224.558833,224.544125,225.200125,5
1,1,640,640,unblocked,1,9.219250,9.185334,9.249459,17
1,1,640,128,unblocked,1,2.368000,2.348084,2.377500,25
1,1,640,512,unblocked,1,7.716959,7.672541,7.745844,20
1,64,16,16,unblocked,1,0.248416,0.242833,0.256625,25
1,1,16,256,reduced,1,0.462208,0.452458,0.474417,25
1,16,384,256,reduced,1,4.504417,4.462250,4.609916,25
1,4,384,256,cpu,1,1.261625,1.256333,1.281625,25
1,4,448,256,cpu,1,1.343167,1.313333,1.364375,25
1,16,256,384,reduced,1,4.199083,4.139167,4.261208,25
1,64,320,320,cpu,1,6.504334,6.356521,6.786604,23
1,4,256,16,reduced,1,0.592291,0.578333,0.692208,25
1,2,1024,1024,cpu,1,18.467958,18.074583,18.513333,9
1,16,640,32,reduced,1,1.122750,0.946541,1.310667,25
1,1,640,32,reduced,1,0.720875,0.624625,1.119458,25
1,2,1024,1024,reduced,1,16.297208,16.274636,16.457281,10
1,16,512,256,unblocked,1,4.941334,4.816791,5.281667,25
1,4,256,64,reduced,1,0.944708,0.932834,0.992500,25
1,4,8,8,unblocked,1,0.195667,0.185125,0.231709,25
1,1,128,512,reduced,1,1.457916,1.415667,1.485166,25
1,64,128,128,unblocked,1,2.023666,1.978666,2.118041,25
1,1,256,1024,reduced,1,2.837084,2.775875,2.917542,25
1,16,32,512,unblocked,1,0.460917,0.449666,0.481958,25
1,4,640,640,cpu,1,5.713542,5.640292,6.058166,25
1,16,512,32,unblocked,1,1.530041,1.491708,1.789500,25
1,1,256,32,unblocked,1,0.663417,0.569583,0.730000,25
1,4,256,64,unblocked,1,0.893917,0.843084,0.955292,25
1,16,256,128,cpu,1,0.929333,0.899666,1.031750,25
1,1,64,2048,unblocked,1,0.925042,0.633333,1.054083,25
1,16,320,320,reduced,1,5.170625,5.092416,5.242334,25
1,16,32,384,unblocked,1,0.428791,0.419875,0.456416,25
1,4,320,448,unblocked,1,2.743834,2.684208,2.779459,25
1,1,1024,256,cpu,1,2.582584,2.561958,2.598750,25
1,64,768,768,unblocked,1,107.981334,107.908916,108.268500,5
1,4,512,384,unblocked,1,4.854458,4.805500,4.896500,25
1,1,64,384,unblocked,1,0.438000,0.435500,0.491666,25
1,1,64,640,unblocked,1,0.464500,0.455125,0.472333,25
1,2,3072,3072,cpu,1,311.009000,294.904917,311.311875,5
1,4,64,64,unblocked,1,1.299584,0.441333,1.439542,25
1,16,512,384,unblocked,1,7.535833,7.357292,7.715250,21
1,1,320,448,unblocked,1,2.475458,2.409083,2.492167,25
1,4,16,256,unblocked,1,0.243708,0.240208,0.246959,25
1,1,768,768,cpu,1,7.524771,7.408802,7.574948,20
1,4,448,256,unblocked,1,2.954667,2.913042,2.964000,25
1,4,2048,2048,unblocked,1,240.924875,240.844750,241.152000,5
1,1,2048,64,reduced,1,2.371542,2.347834,2.385333,25
1,4,2048,64,cpu,1,1.767084,1.743083,1.789875,25
1,4,64,2048,unblocked,1,0.880542,0.796708,0.946000,25
1,16,1024,256,cpu,1,6.468333,6.342479,6.785063,23
1,1,512,384,unblocked,1,4.323292,4.282875,4.346458,25
1,4,384,384,cpu,1,1.829833,1.810500,1.865125,25
1,256,16,16,reduced,1,2.362916,2.335541,2.432833,25
1,4,320,320,cpu,1,1.093500,1.074333,1.108000,25
1,1,384,128,unblocked,1,1.282542,1.235666,1.338458,25
1,1024,32,32,reduced,1,9.136083,9.096875,9.191125,17
1,4,640,64,reduced,1,1.242375,1.228750,1.255417,25
1,4,16,16,unblocked,1,0.217250,0.201792,0.230459,25
1,16,640,640,cpu,1,11.231521,11.153167,11.468708,14
1,4,192,192,reduced,1,2.085000,2.046625,2.126791,25
1,1,320,320,unblocked,1,2.279209,2.264084,2.295500,25
1,1,448,256,unblocked,1,2.728458,2.709834,2.733666,25
1,4,64,1024,unblocked,1,0.626792,0.620167,0.634625,25
1,1,320,448,reduced,1,3.450084,3.427333,3.494334,25
1,4,1024,1024,cpu,1,21.472167,21.464604,21.759479,7
1,16,256,1024,unblocked,1,5.346875,5.237083,5.593042,25
1,4,2048,64,reduced,1,2.716875,2.709416,2.754833,25
1,16,64,640,reduced,1,1.511958,1.393583,1.569667,25
1,4,64,64,reduced,1,1.018458,0.969583,1.040000,25
1,16,320,320,unblocked,1,3.763334,3.722292,4.036959,25
1,1,512,128,cpu,1,0.620166,0.618708,0.631125,25
1,64,16,16,reduced,1,1.002083,0.955875,1.035500,25
1,16,512,384,reduced,1,8.221667,8.160334,8.393145,19
1,1,640,512,cpu,1,3.604500,3.520375,3.677167,25
1,2,1536,1536,cpu,1,44.326125,44.078208,44.331500,5
1,16,512,512,reduced,1,11.494584,11.356292,11.673271,14
1,1,256,512,cpu,1,1.199708,1.186709,1.213042,25
1,4,32,32,reduced,1,0.445750,0.439541,0.539625,25
1,1,256,1024,unblocked,1,2.355833,2.325125,2.387084,25
1,16,1024,64,unblocked,1,6.224250,6.200125,6.279917,25
1,4,32,512,cpu,1,0.577041,0.572583,0.581041,25
1,1,320,320,cpu,1,1.061291,1.040834,1.096791,25
1,1,2048,2048,cpu,1,93.732542,93.492417,93.796292,5
1,4,768,768,cpu,1,9.121709,8.904208,9.214000,17
1,64,256,256,unblocked,1,8.041958,7.855958,8.170355,19
1,1,512,32,unblocked,1,1.139042,1.132625,1.257000,25
1,4,320,320,unblocked,1,2.483708,2.418167,2.550917,25
1,16,16,16,unblocked,1,0.237083,0.232000,0.248500,25
1,16,1024,64,reduced,1,2.159958,2.114667,2.221084,25
1,1,448,448,reduced,1,4.876792,4.844459,4.940708,25
1,1,256,16,unblocked,1,0.441959,0.429416,0.518833,25
1,64,64,64,reduced,1,1.927833,1.906916,2.001125,25
1,1,2048,64,unblocked,1,15.813917,15.711062,15.905395,10
1,4,192,192,unblocked,1,1.200542,1.175917,1.212958,25
1,16,640,64,reduced,1,1.617750,1.555625,1.652292,25
1,4,8,8,cpu,1,0.009250,0.008583,0.011459,25
1,16,64,64,cpu,1,0.139959,0.134500,0.148959,25
1,16,32,32,cpu,1,0.101375,0.079292,0.129708,25
1,16,320,448,unblocked,1,4.588500,4.353042,4.659417,25
1,4,32,384,cpu,1,0.394791,0.391750,0.399500,25
1,1,384,256,cpu,1,0.991458,0.974416,1.009333,25
1,1,640,512,reduced,1,6.368938,6.313823,6.407698,24
1,1,384,384,unblocked,1,3.094250,3.055416,3.107291,25
1,1,16,16,unblocked,1,0.211833,0.198000,0.218167,25
1,1,384,512,reduced,1,4.113750,4.086833,4.160792,25
1,4,448,448,reduced,1,5.547583,5.503041,5.571958,25
1,16,8,8,reduced,1,0.409417,0.395375,0.421167,25
1,4,1536,1536,reduced,1,47.154750,46.921625,47.286375,5
1,1,8,8,unblocked,1,0.191417,0.179541,0.203750,25
1,1,448,256,reduced,1,3.098416,3.073792,3.135625,25
1,16,32,32,reduced,1,0.452750,0.448542,0.509459,25
1,16,384,384,reduced,1,7.240000,7.069167,7.350416,21
1,1,32,32,reduced,1,0.457959,0.443709,0.508708,25
1,1,640,640,cpu,1,4.590584,4.516250,4.719958,25
1,1,768,768,reduced,1,9.706959,9.653917,9.741229,16
1,16,256,256,cpu,1,1.637125,1.503459,1.994250,25
1,4,64,384,unblocked,1,0.537625,0.517584,1.015833,25
1,1,448,448,unblocked,1,4.129416,4.105708,4.145166,25
1,1,64,2048,reduced,1,1.286792,1.248000,1.327000,25
1,1024,16,16,unblocked,1,0.630167,0.622125,0.658625,25
1,16,512,256,reduced,1,5.334416,5.260792,5.645417,25
1,1,128,128,reduced,1,1.332166,1.311875,1.412042,25
1,16,256,384,cpu,1,1.958417,1.871708,2.302250,25
1,4,1024,64,unblocked,1,4.452042,4.431208,4.487084,25
1,64,8,8,reduced,1,0.930125,0.900125,0.969917,25
1,1024,32,32,cpu,1,0.828708,0.750917,1.225959,25
1,16,128,128,reduced,1,1.571666,1.517666,1.597667,25
1,16,640,128,unblocked,1,4.140584,4.074208,4.164833,25
1,16,448,256,unblocked,1,4.136417,4.101166,4.258500,25
1,1,384,64,cpu,1,0.192708,0.188792,0.197708,25
1,1,2048,2048,reduced,1,48.454625,48.445917,48.464916,5
1,16,16,256,cpu,1,0.125875,0.110792,0.211292,25
1,16,640,256,reduced,1,6.592958,6.339396,6.671250,23
1,4,512,512,reduced,1,6.755959,6.719125,6.819208,23
1,1,512,512,cpu,1,3.554917,3.495917,3.630334,25
1,4,320,320,reduced,1,3.684625,3.618500,3.928625,25
1,1,1536,1536,cpu,1,38.804958,38.460000,38.916666,5
1,4,32,32,cpu,1,0.030583,0.028875,0.033166,25
1,4,1024,64,cpu,1,0.906125,0.899167,0.920708,25
1,1,128,128,cpu,1,0.217125,0.216500,0.219875,25
1,4,128,512,reduced,1,1.571750,1.550333,1.631792,25
1,4,192,192,cpu,1,0.494917,0.490458,0.499750,25
1,4,1536,1536,cpu,1,49.763375,49.517667,49.928041,5
1,4,64,640,unblocked,1,0.556500,0.549333,1.235250,25
1,1,64,64,reduced,1,0.796125,0.780625,1.296084,25
1,64,8,8,unblocked,1,0.220917,0.215000,0.230083,25
1,2,3072,3072,unblocked,1,796.221917,796.183333,796.615917,5
1,16,512,384,cpu,1,4.765833,4.711084,5.047917,25
1,16,640,32,cpu,1,0.355167,0.342791,0.384583,25
1,1,256,128,cpu,1,0.320500,0.318209,0.323000,25
1,4,256,384,cpu,1,1.184958,1.173375,1.200000,25
1,64,16,16,cpu,1,0.166834,0.093375,0.171375,25
1,1,512,128,reduced,1,1.803083,1.768833,1.857334,25
1,16,512,128,reduced,1,2.621875,2.593458,2.646084,25
1,16,192,192,reduced,1,2.591250,2.546334,2.642625,25
1,1,384,128,reduced,1,1.645916,1.626792,1.676750,25
1,1,64,1024,cpu,1,0.577209,0.567958,0.583583,25
1,1,192,192,cpu,1,0.405500,0.399250,0.409292,25
1,1,640,128,reduced,1,2.013792,1.979959,2.049750,25
1,4,128,128,unblocked,1,0.818500,0.778166,0.832541,25
1,1024,32,32,unblocked,1,1.792542,1.768541,1.843333,25
1,4,16,16,cpu,1,0.016667,0.016500,0.017708,25
1,16,64,384,cpu,1,0.743125,0.732875,0.759625,25
1,64,320,320,unblocked,1,13.206938,13.068875,13.424021,12
1,16,32,384,cpu,1,0.541041,0.465833,0.694625,25
1,1,1024,256,reduced,1,4.568584,4.554500,4.605666,25
1,1,256,512,reduced,1,2.741875,2.732041,2.757417,25
1,4,64,2048,reduced,1,1.516542,1.500583,1.581709,25
1,1,32,32,cpu,1,0.009167,0.009125,0.009250,25
1,16,640,256,unblocked,1,7.281084,7.026875,7.407917,21
1,1,64,384,reduced,1,0.884166,0.838584,0.900875,25
1,16,64,384,reduced,1,1.301375,1.161792,1.380833,25
1,16,640,640,unblocked,1,16.751667,16.644333,16.871959,9
1,1024,16,16,cpu,1,0.345167,0.310708,0.534084,25
1,16,128,64,unblocked,1,0.589791,0.583042,0.600375,25
1,1,640,64,reduced,1,1.142333,1.113208,1.187792,25
1,16,1024,256,reduced,1,8.973458,8.847084,9.061708,17
1,16,640,512,cpu,1,8.457896,8.340542,8.703895,18
1,16,16,256,reduced,1,0.629750,0.615750,0.650708,25
1,1,192,192,unblocked,1,1.097667,1.074500,1.128667,25
1,16,256,1024,cpu,1,4.263791,4.188625,4.438583,25
1,4,512,32,reduced,1,0.667958,0.656708,1.772166,25
1,1,512,512,reduced,1,5.770250,5.737041,5.851417,25
1,256,32,32,reduced,1,2.528375,2.468791,2.573625,25
1,16,320,320,cpu,1,2.201083,1.936666,2.351875,25
1,1,640,256,cpu,1,1.513375,1.501667,1.527958,25
1,4,768,768,reduced,1,12.194042,12.150041,12.636666,13
1,16,384,384,cpu,1,3.541958,3.230917,3.563125,25
1,16,384,384,unblocked,1,5.555958,5.430625,5.655750,25
1,64,256,256,cpu,1,5.080667,5.004084,5.229125,25
1,4,64,640,reduced,1,1.052208,0.979583,1.373292,25
1,1,384,512,cpu,1,1.979875,1.896166,2.009791,25
1,16,16,256,unblocked,1,0.567917,0.519166,0.803709,25
1,64,512,512,cpu,1,23.891708,23.721292,24.416271,7
1,4,640,640,reduced,1,9.310375,9.229917,9.350125,17
1,1,512,512,unblocked,1,5.368208,5.336958,5.388084,25
1,16,192,192,unblocked,1,1.595667,1.554417,1.748375,25
1,4,384,384,unblocked,1,3.434416,3.411250,3.460750,25
1,4,64,256,cpu,1,0.302208,0.297792,0.306083,25
1,4,256,256,reduced,1,2.836209,2.809917,2.864292,25
1,1,512,384,cpu,1,2.441292,2.393583,2.474750,25
1,1,2048,64,cpu,1,0.714250,0.703250,0.716791,25
1,16,384,512,cpu,1,4.139209,4.064084,4.406708,25
1,2,1536,1536,unblocked,1,104.015709,103.838459,104.298917,5
1,4,1024,256,unblocked,1,10.033917,9.993062,10.100729,15
1,4,320,448,reduced,1,3.867375,3.830667,3.915792,25
1,16,384,128,unblocked,1,1.865541,1.830375,1.923041,25
1,1,384,32,unblocked,1,0.811292,0.793542,0.849167,25
1,4,512,128,unblocked,1,1.859083,1.808416,1.878209,25
1,16,512,128,cpu,1,2.202542,1.814250,2.228000,25
1,1,192,192,reduced,1,1.972333,1.947833,2.023333,25
1,16,64,2048,unblocked,1,1.915208,1.818000,2.123750,25
1,1,256,256,reduced,1,2.658917,2.627917,2.695334,25
1,1,64,1024,reduced,1,0.989416,0.940916,1.048542,25
1,16,768,768,cpu,1,18.152583,18.012458,18.359167,9
1,1,256,1024,cpu,1,1.906500,1.886958,1.939375,25
1,16,448,448,unblocked,1,7.804479,7.531906,7.947542,20
1,16,64,256,reduced,1,1.176542,1.031875,1.261334,25
1,16,640,256,cpu,1,3.987042,3.672291,4.071250,25
1,1,448,256,cpu,1,1.039959,1.021125,1.046000,25
1,256,8,8,reduced,1,2.292250,2.246000,2.313417,25
1,1,640,128,cpu,1,0.755500,0.747583,0.759917,25
1,1,16,16,reduced,1,0.427625,0.411917,0.478417,25
1,1,512,256,unblocked,1,3.126875,3.113833,3.138541,25
1,64,384,384,unblocked,1,19.681188,19.259250,20.244156,8
1,1,384,384,reduced,1,4.078417,4.061375,4.135500,25
1,16,512,64,unblocked,1,1.875583,1.838375,1.925167,25
1,1,448,448,cpu,1,2.001375,1.900083,2.067791,25
1,16,512,32,cpu,1,0.310209,0.299875,0.527750,25
1,4,320,448,cpu,1,1.283875,1.267125,1.294833,25
1,1,384,32,cpu,1,0.077250,0.076958,0.079250,25
1,16,64,2048,reduced,1,3.094375,2.989875,3.303416,25
1,16,640,128,cpu,1,2.236792,2.215875,2.283583,25
1,16,32,512,reduced,1,0.867792,0.758667,0.903625,25
1,1,384,256,unblocked,1,2.241875,2.219000,2.281625,25
1,4,128,128,reduced,1,1.396167,1.353667,1.478917,25
1,16,384,32,unblocked,1,1.085542,1.032583,1.127291,25
1,16,640,128,reduced,1,3.112583,3.039375,3.196250,25
1,4,128,512,unblocked,1,1.039292,0.986875,1.137833,25
1,4,64,1024,reduced,1,1.157166,1.132125,1.804000,25
1,1,128,512,cpu,1,0.428125,0.424125,0.437625,25
1,1,640,64,cpu,1,0.275333,0.273125,0.278333,25
1,64,448,448,unblocked,1,27.642001,27.184427,27.771792,6
1,16,256,512,cpu,1,2.783250,2.735834,2.822750,25
1,16,128,64,reduced,1,0.944042,0.892458,1.018209,25
1,64,384,384,cpu,1,10.498792,10.387980,10.811813,15
1,4,512,384,reduced,1,5.178208,5.150625,5.227084,25
1,1,512,256,cpu,1,1.412958,1.406958,1.427917,25
1,4,32,384,reduced,1,0.556417,0.540750,0.643042,25
1,1,3072,3072,unblocked,1,782.019375,781.458333,782.394792,5
1,4,8,8,reduced,1,0.416416,0.407167,0.450000,25
1,16,448,448,cpu,1,4.149208,3.980666,4.327042,25
1,16,64,1024,reduced,1,1.826541,1.751834,2.149667,25
1,1,256,384,cpu,1,1.018625,1.000583,1.031750,25
1,1,128,64,reduced,1,0.801458,0.766709,0.833167,25
1,4,512,128,reduced,1,1.947708,1.907541,1.968500,25
1,16,384,512,reduced,1,7.917813,7.730802,7.986260,20
1,1,32,384,reduced,1,0.559417,0.535792,0.624292,25
1,1,256,16,cpu,1,0.021417,0.021166,0.022375,25
1,16,64,256,cpu,1,0.495125,0.481958,0.546917,25
1,64,128,128,cpu,1,1.907416,1.873250,1.930541,25
1,16,384,64,cpu,1,0.641125,0.621625,0.651291,25
1,16,448,256,reduced,1,4.886917,4.866459,4.965917,25
1,1,384,384,cpu,1,1.685667,1.653084,1.737750,25
1,16,512,128,unblocked,1,2.658542,2.607750,3.207875,25
1,1,256,32,cpu,1,0.053167,0.052875,0.054333,25
1,4,256,16,unblocked,1,0.487041,0.467625,1.095208,25
1,4,3072,3072,unblocked,1,836.345584,835.190584,837.376250,5
1,4,64,2048,cpu,1,1.753166,1.644792,1.829625,25
1,64,64,64,cpu,1,0.269458,0.264541,0.537666,25
1,1,1536,1536,reduced,1,29.837270,29.607354,30.005094,6
1,1,64,1024,unblocked,1,0.519167,0.515667,0.528250,25
1,4,128,512,cpu,1,0.652500,0.641000,0.664834,25
1,16,320,448,reduced,1,6.117167,5.966667,6.229666,25
1,1,1024,64,reduced,1,1.419041,1.383083,1.457167,25
1,4,448,448,unblocked,1,4.604250,4.575750,4.630500,25
1,16,256,384,unblocked,1,3.158916,3.011417,3.542833,25
1,16,256,128,unblocked,1,1.326583,1.290875,1.449625,25
1,1,16,256,unblocked,1,0.250625,0.242625,0.258208,25
1,4,16,256,cpu,1,0.040042,0.039333,0.042250,25
1,1024,8,8,unblocked,1,0.457250,0.443250,1.098292,25
1,1,1024,64,unblocked,1,3.931833,3.923292,3.980958,25
1,16,192,192,cpu,1,0.919834,0.774250,1.020792,25
1,1024,8,8,reduced,1,8.227417,8.174834,8.300375,19
1,4,512,32,unblocked,1,1.234875,1.221125,1.253333,25
1,4,16,16,reduced,1,0.416042,0.397458,0.432333,25
1,1,512,384,reduced,1,4.549250,4.514750,4.612791,25
1,16,128,128,cpu,1,0.606875,0.591584,0.640083,25
1,16,256,32,reduced,1,0.639334,0.630833,0.691625,25
1,4,1024,1024,unblocked,1,33.998084,33.937708,34.058958,5
1,1,256,32,reduced,1,0.506875,0.498500,0.515292,25
1,2,3072,3072,reduced,1,161.957333,161.886875,161.965417,5
1,4,768,768,unblocked,1,16.332541,16.311542,16.387593,10
1,4,128,128,cpu,1,0.387625,0.384708,0.391541,25
1,1,64,256,reduced,1,0.814042,0.793833,0.843625,25
1,64,192,192,cpu,1,2.823250,2.653417,2.857500,25
1,1024,16,16,reduced,1,8.323417,8.311291,8.418427,18
1,16,256,128,reduced,1,1.948209,1.888708,1.996209,25
1,16,32,32,unblocked,1,0.299334,0.294834,0.304125,25
1,4,384,32,cpu,1,0.141083,0.139833,0.144417,25
1,1,8,8,cpu,1,0.003208,0.003084,0.003667,25
1,16,32,512,cpu,1,0.649750,0.642375,0.678333,25
1,1,512,32,cpu,1,0.097417,0.096709,0.098708,25
1,16,128,512,unblocked,1,1.588250,1.533250,2.005375,25
1,1,8,8,reduced,1,0.486958,0.469292,0.586500,25
1,16,2048,64,unblocked,1,23.466875,23.434854,23.527000,7
1,256,32,32,unblocked,1,0.572959,0.564750,0.594666,25
1,64,320,320,reduced,1,17.134208,17.034875,17.183375,9
1,4,64,256,reduced,1,0.906333,0.855916,0.918250,25
1,16,384,256,cpu,1,2.115875,2.038125,2.500167,25
1,1,256,128,unblocked,1,0.932000,0.893333,0.987417,25
1,16,640,64,unblocked,1,2.807500,2.773666,2.862958,25
1,4,384,256,reduced,1,3.207416,3.165125,3.239458,25
1,1,1024,1024,reduced,1,14.714125,14.688834,14.770521,11
1,1,384,64,reduced,1,0.971750,0.947541,0.996625,25
1,1,640,640,reduced,1,7.656917,7.626532,7.686552,20
1,4,512,32,cpu,1,0.177041,0.173791,0.181750,25
1,16,512,64,cpu,1,0.761791,0.751125,0.778666,25
1,4,512,128,cpu,1,1.173708,1.133125,1.202167,25
1,4,32,384,unblocked,1,0.358250,0.342709,0.410584,25
1,16,64,64,reduced,1,1.130417,0.889125,1.213375,25
1,64,640,640,reduced,1,64.962334,64.855083,65.603125,5
1,1,320,448,cpu,1,1.155417,1.125333,1.187584,25
1,1,512,64,cpu,1,0.225041,0.222458,0.229500,25
1,1,1536,1536,unblocked,1,100.358667,100.172875,100.370958,5
1,1,256,128,reduced,1,1.482583,1.436917,1.498500,25
1,16,768,768,reduced,1,25.749792,25.466968,25.821584,6
1,4,384,64,cpu,1,0.403833,0.400916,0.408000,25
1,1,640,32,unblocked,1,1.554292,1.522375,1.598208,25
1,1,512,128,unblocked,1,1.675125,1.650125,1.686583,25
1,16,448,256,cpu,1,2.641709,2.277334,2.686542,25
1,16,640,512,unblocked,1,13.757167,13.607458,13.839541,11
1,4,64,64,cpu,1,0.060125,0.056958,0.062583,25
1,16,1024,64,cpu,1,1.469500,1.411291,1.829333,25
1,16,256,512,unblocked,1,3.973125,3.839208,4.113583,25
1,4,256,256,cpu,1,0.973167,0.953459,0.980583,25
1,16,16,16,cpu,1,0.047125,0.046333,0.048792,25
1,1,512,64,reduced,1,1.039042,1.009250,1.149708,25
1,16,384,64,unblocked,1,1.380333,1.350666,1.422292,25
1,16,256,256,reduced,1,3.750333,3.679291,3.830208,25
1,4,256,16,cpu,1,0.046667,0.045375,0.048417,25
1,4,640,64,unblocked,1,2.065042,2.027292,2.092083,25
1,1,128,32,cpu,1,0.027958,0.027291,0.028625,25
1,4,448,448,cpu,1,2.089500,2.070209,2.128250,25
1,4,2048,2048,reduced,1,96.571625,96.428583,96.683708,5
1,16,512,256,cpu,1,3.440459,3.149250,3.508416,25
1,1,1024,64,cpu,1,0.382458,0.379041,0.390166,25
1,16,256,16,cpu,1,0.117750,0.109083,0.257709,25
1,4,512,512,cpu,1,4.103417,4.029666,4.337791,25
1,1,256,16,reduced,1,0.523833,0.503916,1.059042,25
1,4,384,384,reduced,1,4.504000,4.475542,4.537792,25
1,1,256,384,unblocked,1,1.743625,1.708708,1.765083,25
1,4,448,256,reduced,1,3.431208,3.383625,3.469791,25
1,16,8,8,cpu,1,0.018417,0.017583,0.019250,25
1,1,128,32,reduced,1,0.481208,0.473250,0.564292,25
