pass,batch,N,backend,ok,ms,p25,p75,reps
0,64,384,cpu,1,0.951917,0.922958,0.976125,25
0,64,384,tg,1,3.430500,3.394750,3.461917,25
0,64,384,blocked,1,1.850500,1.835292,1.873542,25
0,4,2,cpu,1,0.000959,0.000792,0.001250,25
0,4,2,simd,1,0.158083,0.134458,0.198375,25
0,4,2,tg,1,0.153583,0.150667,0.167250,25
0,2,32,cpu,1,0.002042,0.001750,0.003041,25
0,2,32,simd,1,0.179000,0.161000,0.195000,25
0,2,32,tg,1,0.157750,0.155625,0.162792,25
0,16,512,cpu,1,0.544792,0.533917,0.573459,25
0,16,512,tg,1,2.138500,2.108291,2.148292,25
0,16,512,blocked,1,1.077084,1.060125,1.117833,25
0,16,192,cpu,1,0.092708,0.080875,0.098833,25
0,16,192,tg,1,0.431083,0.394583,0.453083,25
0,16,192,blocked,1,0.360584,0.356167,0.364000,25
0,16384,4,cpu,1,0.205042,0.089666,0.436500,25
0,16384,4,simd,1,0.165958,0.159208,0.176291,25
0,16384,4,tg,1,1.465041,1.450667,1.489250,25
0,4096,4,cpu,1,0.107708,0.077125,0.114458,25
0,4096,4,simd,1,0.149542,0.139042,0.158542,25
0,4096,4,tg,1,0.466458,0.438833,0.487208,25
0,1,4096,cpu,1,29.444271,29.138094,29.750448,2
0,1,4096,blocked,1,13.119020,12.568625,13.214417,12
0,16,24,cpu,1,0.005000,0.004709,0.005292,25
0,16,24,simd,1,0.166750,0.156167,0.188791,25
0,16,24,tg,1,0.159459,0.154667,0.183917,25
0,2,1536,cpu,1,2.961959,2.911250,2.998625,25
0,2,1536,blocked,1,2.650458,2.608583,2.858959,25
0,1024,256,cpu,1,4.643666,4.600458,4.766709,25
0,1024,256,tg,1,16.510542,16.276229,16.861594,10
0,1024,256,blocked,1,9.716874,9.651219,10.145833,16
0,1,4,cpu,1,0.000541,0.000500,0.000542,25
0,1,4,simd,1,0.171125,0.136208,0.216291,25
0,1,4,tg,1,0.172500,0.151208,0.223167,25
0,2,192,cpu,1,0.030291,0.027792,0.033167,25
0,2,192,tg,1,0.337250,0.331250,0.347958,25
0,2,192,blocked,1,0.329291,0.323375,0.332333,25
0,256,64,cpu,1,0.217250,0.103875,0.437458,25
0,256,64,tg,1,0.363708,0.355208,0.455042,25
0,2,4096,cpu,1,77.536313,68.372969,86.699656,2
0,2,4096,blocked,1,18.731438,18.688448,18.776021,8
0,2,2048,cpu,1,6.317958,6.205938,6.405917,23
0,2,2048,blocked,1,4.423584,4.395459,4.515333,25
0,16,160,cpu,1,0.077875,0.071833,0.082791,25
0,16,160,tg,1,0.313917,0.304750,0.340334,25
0,16,160,blocked,1,0.326458,0.322708,0.329542,25
0,4,3072,cpu,1,39.504520,38.998614,40.010427,2
0,4,3072,blocked,1,15.714042,15.682572,15.737178,10
0,2,64,cpu,1,0.006625,0.006166,0.008541,25
0,2,64,tg,1,0.192875,0.181375,0.218584,25
0,1,768,cpu,1,0.228000,0.226833,0.254500,25
0,1,768,tg,1,3.978125,3.972000,4.006292,25
0,1,768,blocked,1,0.934333,0.925500,0.948083,25
0,4,24,cpu,1,0.004083,0.002666,0.006333,25
0,4,24,simd,1,0.172792,0.158875,0.239125,25
0,4,24,tg,1,0.169834,0.157834,0.177792,25
0,16384,48,cpu,1,1.858708,1.818792,1.909000,25
0,16384,48,tg,1,10.452542,10.424021,10.470375,15
0,256,16,cpu,1,0.039833,0.039708,0.040458,25
0,256,16,simd,1,0.168917,0.146500,0.196667,25
0,256,16,tg,1,0.170542,0.166458,0.179292,25
0,16,16,cpu,1,0.003500,0.003458,0.003750,25
0,16,16,simd,1,0.171583,0.152708,0.248375,25
0,16,16,tg,1,0.156958,0.149833,0.172959,25
0,4096,48,cpu,1,0.589125,0.513875,0.641792,25
0,4096,48,tg,1,2.845625,2.831583,2.901167,25
0,4096,16,cpu,1,0.102791,0.088916,0.590209,25
0,4096,16,simd,1,0.260541,0.257292,0.263917,25
0,4096,16,tg,1,0.644750,0.624000,0.681625,25
0,2,8,cpu,1,0.000875,0.000833,0.001458,25
0,2,8,simd,1,0.151667,0.134208,0.201250,25
0,2,8,tg,1,0.152958,0.145291,0.176834,25
0,64,64,cpu,1,0.102291,0.101583,0.105167,25
0,64,64,tg,1,0.253083,0.227333,0.261917,25
0,1,32,cpu,1,0.001041,0.000833,0.001042,25
0,1,32,simd,1,0.195000,0.176459,0.216500,25
0,1,32,tg,1,0.190000,0.174834,0.196125,25
0,64,160,cpu,1,0.218584,0.181959,0.593541,25
0,64,160,tg,1,1.058125,0.746792,1.119375,25
0,64,160,blocked,1,0.438083,0.402500,0.480209,25
0,4,512,cpu,1,0.210084,0.203167,0.244000,25
0,4,512,tg,1,1.612000,1.587708,1.632333,25
0,4,512,blocked,1,0.731458,0.708416,0.782542,25
0,64,2,cpu,1,0.001958,0.001958,0.002500,25
0,64,2,simd,1,0.135167,0.128333,0.150250,25
0,64,2,tg,1,0.148791,0.140709,0.168584,25
0,1024,2,cpu,1,0.016750,0.016708,0.017667,25
0,1024,2,simd,1,0.139125,0.127292,0.157167,25
0,1024,2,tg,1,0.244417,0.209250,0.252416,25
0,16384,16,cpu,1,0.302167,0.255375,0.641500,25
0,16384,16,simd,1,0.516125,0.497125,0.558375,25
0,16384,16,tg,1,2.071708,2.059042,2.082625,25
0,64,192,cpu,1,0.214000,0.200959,0.606166,25
0,64,192,tg,1,0.939542,0.911166,1.003041,25
0,64,192,blocked,1,0.525708,0.519542,0.540208,25
0,16,64,cpu,1,0.026292,0.026125,0.030000,25
0,16,64,tg,1,0.238917,0.224375,0.255458,25
0,2,1024,cpu,1,0.788792,0.779917,0.802666,25
0,2,1024,tg,1,8.539771,8.501979,8.610364,18
0,2,1024,blocked,1,1.447000,1.420375,1.498000,25
0,4,128,cpu,1,0.022375,0.021291,0.023250,25
0,4,128,tg,1,0.251541,0.245541,0.264583,25
0,4096,64,cpu,1,0.903083,0.866375,0.993792,25
0,4096,64,tg,1,3.220416,3.205459,3.292917,25
0,2,128,cpu,1,0.017666,0.016166,0.020042,25
0,2,128,tg,1,0.248916,0.245750,0.255291,25
0,16384,8,cpu,1,0.170125,0.141584,0.656041,25
0,16384,8,simd,1,0.200583,0.192958,0.214709,25
0,16384,8,tg,1,1.642667,1.626333,1.683041,25
0,16,128,cpu,1,0.118042,0.084292,0.128000,25
0,16,128,tg,1,0.267125,0.251375,0.284666,25
0,1024,48,cpu,1,0.139500,0.134458,0.142875,25
0,1024,48,tg,1,0.930833,0.903459,0.970458,25
0,4,4,cpu,1,0.001083,0.000916,0.002167,25
0,4,4,simd,1,0.144125,0.129292,0.194500,25
0,4,4,tg,1,0.156041,0.152000,0.187042,25
0,1,64,cpu,1,0.001959,0.001958,0.002000,25
0,1,64,tg,1,0.342625,0.316250,0.487709,25
0,4,192,cpu,1,0.034041,0.032959,0.037417,25
0,4,192,tg,1,0.344250,0.341000,0.366292,25
0,4,192,blocked,1,0.338709,0.333959,0.341416,25
0,1024,96,cpu,1,1.665083,1.635959,1.680209,25
0,1024,96,tg,1,2.098334,2.060708,2.115042,25
0,1,12,cpu,1,0.000625,0.000583,0.000667,25
0,1,12,simd,1,0.163041,0.154750,0.195750,25
0,1,12,tg,1,0.160250,0.155916,0.178500,25
0,4096,128,cpu,1,6.744417,6.673000,6.816980,23
0,4096,128,tg,1,14.378291,14.317104,14.424105,11
0,2,16,cpu,1,0.001500,0.001167,0.002125,25
0,2,16,simd,1,0.205084,0.166375,0.241708,25
0,2,16,tg,1,0.158792,0.152041,0.198167,25
0,4,96,cpu,1,0.019333,0.018417,0.021959,25
0,4,96,tg,1,0.226792,0.211958,0.258875,25
0,16384,32,cpu,1,0.894458,0.860042,0.927209,25
0,16384,32,simd,1,1.297083,1.123584,1.352875,25
0,16384,32,tg,1,2.805666,2.787958,2.818959,25
0,16,2048,cpu,1,48.066583,48.018646,48.114520,2
0,16,2048,blocked,1,20.218521,20.183916,20.229239,8
0,1024,32,cpu,1,0.204709,0.089541,0.395417,25
0,1024,32,simd,1,0.229250,0.205291,0.253667,25
0,1024,32,tg,1,0.294583,0.289500,0.312333,25
0,1,2048,cpu,1,2.984542,2.901792,3.051250,25
0,1,2048,blocked,1,3.417125,3.352625,4.261084,25
0,2,3072,cpu,1,19.581688,19.025635,20.137740,2
0,2,3072,blocked,1,9.612666,9.600969,9.630906,16
0,2,2,cpu,1,0.000834,0.000750,0.000875,25
0,2,2,simd,1,0.153750,0.138500,0.200541,25
0,2,2,tg,1,0.164917,0.147333,0.214834,25
0,64,24,cpu,1,0.016875,0.016833,0.017000,25
0,64,24,simd,1,0.160542,0.149500,0.168500,25
0,64,24,tg,1,0.153833,0.150917,0.176458,25
0,256,24,cpu,1,0.064875,0.064250,0.067084,25
0,256,24,simd,1,0.163208,0.152833,0.182584,25
0,256,24,tg,1,0.181667,0.175792,0.197834,25
0,16,8,cpu,1,0.002000,0.001792,0.003042,25
0,16,8,simd,1,0.155375,0.138250,0.183833,25
0,16,8,tg,1,0.159250,0.148500,0.171375,25
0,64,512,cpu,1,1.792875,1.763250,1.823333,25
0,64,512,tg,1,6.285917,6.251812,6.342395,24
0,64,512,blocked,1,3.291500,3.256083,3.311500,25
0,2,4,cpu,1,0.000958,0.000750,0.001667,25
0,2,4,simd,1,0.158916,0.140417,0.221000,25
0,2,4,tg,1,0.153750,0.142166,0.187875,25
0,64,48,cpu,1,0.052292,0.051875,0.052875,25
0,64,48,tg,1,0.212875,0.192084,0.260375,25
0,16384,2,cpu,1,0.161541,0.100667,0.258291,25
0,16384,2,simd,1,0.159542,0.153042,0.166417,25
0,16384,2,tg,1,1.347541,1.326583,1.359458,25
0,16,2,cpu,1,0.001708,0.001625,0.001792,25
0,16,2,simd,1,0.137292,0.133208,0.152000,25
0,16,2,tg,1,0.147792,0.146958,0.158833,25
0,256,192,cpu,1,0.718208,0.691333,0.799125,25
0,256,192,tg,1,2.642542,2.616167,2.668833,25
0,256,192,blocked,1,1.602708,1.571500,1.626750,25
0,1024,12,cpu,1,0.120416,0.052000,0.122625,25
0,1024,12,simd,1,0.171709,0.156333,0.182916,25
0,1024,12,tg,1,0.256750,0.250084,0.261417,25
0,64,128,cpu,1,0.169417,0.154292,0.531000,25
0,64,128,tg,1,0.482292,0.462333,0.503333,25
0,1,128,cpu,1,0.007833,0.007750,0.008042,25
0,1,128,tg,1,0.248416,0.239583,0.256875,25
0,4,4096,cpu,1,125.663083,125.610313,125.715854,2
0,4,4096,blocked,1,31.851666,31.548083,31.943916,5
0,2,160,cpu,1,0.024709,0.022791,0.027667,25
0,2,160,tg,1,0.292083,0.289417,0.315209,25
0,2,160,blocked,1,0.306375,0.303542,0.310541,25
0,256,160,cpu,1,0.604084,0.532042,0.643834,25
0,256,160,tg,1,1.870250,1.832125,1.906458,25
0,256,160,blocked,1,1.144000,1.111167,1.206333,25
0,64,256,cpu,1,0.592167,0.354250,0.602042,25
0,64,256,tg,1,1.508042,1.481792,1.533291,25
0,64,256,blocked,1,0.888083,0.860042,0.918042,25
0,1024,192,cpu,1,2.803167,2.726458,2.859208,25
0,1024,192,tg,1,8.966125,8.870833,9.167584,17
0,1024,192,blocked,1,5.406084,5.356083,5.424250,25
0,16384,64,cpu,1,3.345708,3.303500,3.454541,25
0,16384,64,tg,1,11.738791,11.680208,11.793916,13
0,4,768,cpu,1,0.613958,0.608958,0.627833,25
0,4,768,tg,1,4.287250,4.257667,4.301125,25
0,4,768,blocked,1,1.197458,1.168667,1.222250,25
0,4,1536,cpu,1,6.011500,5.964917,6.047667,25
0,4,1536,blocked,1,3.523500,3.500792,3.557666,25
0,16,96,cpu,1,0.093375,0.086958,0.096583,25
0,16,96,tg,1,0.260500,0.240958,0.281792,25
0,16,384,cpu,1,0.304208,0.266834,0.323541,25
0,16,384,tg,1,1.251750,1.235208,1.300791,25
0,16,384,blocked,1,0.750250,0.697917,0.779875,25
0,16,12,cpu,1,0.002834,0.002791,0.002958,25
0,16,12,simd,1,0.160625,0.150875,0.198250,25
0,16,12,tg,1,0.167041,0.151833,0.176041,25
0,1,192,cpu,1,0.017209,0.016209,0.017500,25
0,1,192,tg,1,0.452583,0.443583,0.486958,25
0,1,192,blocked,1,0.330583,0.325458,0.362625,25
0,1,96,cpu,1,0.006209,0.006166,0.006292,25
0,1,96,tg,1,0.253334,0.248459,0.265208,25
0,64,12,cpu,1,0.008542,0.008375,0.009083,25
0,64,12,simd,1,0.178458,0.166958,0.186417,25
0,64,12,tg,1,0.165125,0.147041,0.192667,25
0,1,1024,cpu,1,0.482834,0.471792,0.497458,25
0,1,1024,tg,1,8.244000,8.235541,8.261208,19
0,1,1024,blocked,1,1.273750,1.236916,1.310458,25
0,256,48,cpu,1,0.187834,0.075167,0.215166,25
0,256,48,tg,1,0.335375,0.321375,0.360750,25
0,4,12,cpu,1,0.001667,0.001542,0.003375,25
0,4,12,simd,1,0.155583,0.144875,0.211250,25
0,4,12,tg,1,0.156958,0.146542,0.167208,25
0,4,48,cpu,1,0.007375,0.006208,0.010000,25
0,4,48,tg,1,0.193583,0.180875,0.206667,25
0,4,384,cpu,1,0.102958,0.102000,0.105667,25
0,4,384,tg,1,1.030875,0.953958,1.152125,25
0,4,384,blocked,1,0.534208,0.532250,0.541084,25
0,2,512,cpu,1,0.142458,0.141750,0.145250,25
0,2,512,tg,1,1.558708,1.537625,1.598417,25
0,2,512,blocked,1,0.746000,0.686042,0.767084,25
0,2,48,cpu,1,0.004666,0.003000,0.006459,25
0,2,48,tg,1,0.187083,0.178750,0.205583,25
0,256,32,cpu,1,0.096458,0.063208,0.099458,25
0,256,32,simd,1,0.172917,0.161417,0.209041,25
0,256,32,tg,1,0.183083,0.178916,0.195584,25
0,16384,24,cpu,1,0.543750,0.527250,0.650500,25
0,16384,24,simd,1,0.885042,0.846667,1.581709,25
0,16384,24,tg,1,2.464500,2.451083,2.478833,25
0,2,96,cpu,1,0.016792,0.015792,0.018042,25
0,2,96,tg,1,0.226750,0.213459,0.256584,25
0,1,48,cpu,1,0.001250,0.001167,0.001542,25
0,1,48,tg,1,0.195208,0.177375,0.224166,25
0,4,16,cpu,1,0.002000,0.001792,0.003625,25
0,4,16,simd,1,0.149792,0.146208,0.244375,25
0,4,16,tg,1,0.158708,0.148417,0.170333,25
0,256,4,cpu,1,0.007958,0.007875,0.008292,25
0,256,4,simd,1,0.139750,0.130000,0.152833,25
0,256,4,tg,1,0.177167,0.162833,0.207833,25
0,256,8,cpu,1,0.017250,0.017167,0.017542,25
0,256,8,simd,1,0.151917,0.141333,0.158917,25
0,256,8,tg,1,0.256917,0.208416,0.262500,25
0,1024,16,cpu,1,0.154458,0.086208,0.164167,25
0,1024,16,simd,1,0.332209,0.320625,0.352500,25
0,1024,16,tg,1,0.271250,0.253875,0.598666,25
0,1,256,cpu,1,0.029000,0.026000,0.029125,25
0,1,256,tg,1,0.528500,0.502917,0.554541,25
0,1,256,blocked,1,0.383375,0.381083,0.385917,25
0,16384,12,cpu,1,0.252459,0.216500,0.632625,25
0,16384,12,simd,1,0.403792,0.384833,0.440625,25
0,16384,12,tg,1,1.864208,1.851542,1.877083,25
0,1,512,cpu,1,0.099542,0.099125,0.099917,25
0,1,512,tg,1,1.507792,1.477000,1.531084,25
0,1,512,blocked,1,0.634125,0.631292,0.663916,25
0,4,1024,cpu,1,1.126625,1.122792,1.141083,25
0,4,1024,tg,1,8.991542,8.943166,9.042084,17
0,4,1024,blocked,1,1.751916,1.727625,1.771042,25
0,64,16,cpu,1,0.010584,0.010542,0.011542,25
0,64,16,simd,1,0.158875,0.153125,0.170541,25
0,64,16,tg,1,0.160208,0.149333,0.168750,25
0,16,1024,cpu,1,3.732083,3.628666,3.776209,25
0,16,1024,tg,1,11.685000,11.666834,11.711875,13
0,16,1024,blocked,1,4.359792,4.348750,4.419500,25
0,4096,8,cpu,1,0.141583,0.070000,0.271125,25
0,4096,8,simd,1,0.156708,0.147333,0.163167,25
0,4096,8,tg,1,0.526541,0.494666,0.597209,25
0,1024,24,cpu,1,0.164250,0.082208,0.283584,25
0,1024,24,simd,1,0.198458,0.189834,0.209250,25
0,1024,24,tg,1,0.279334,0.267167,0.289167,25
0,4,64,cpu,1,0.012750,0.011167,0.014667,25
0,4,64,tg,1,0.197417,0.188708,0.225083,25
0,2,256,cpu,1,0.044292,0.043834,0.045250,25
0,2,256,tg,1,0.499875,0.465750,0.518375,25
0,2,256,blocked,1,0.386167,0.384292,0.390666,25
0,4096,32,cpu,1,0.276041,0.226375,0.622542,25
0,4096,32,simd,1,0.451875,0.416583,0.496417,25
0,4096,32,tg,1,0.868167,0.837000,0.910792,25
0,64,32,cpu,1,0.025000,0.024875,0.025250,25
0,64,32,simd,1,0.209708,0.198084,0.254417,25
0,64,32,tg,1,0.203375,0.195959,0.224708,25
0,64,96,cpu,1,0.188042,0.156542,0.374167,25
0,64,96,tg,1,0.860708,0.838209,0.903250,25
0,16,48,cpu,1,0.013792,0.013709,0.014667,25
0,16,48,tg,1,0.444958,0.413750,0.478792,25
0,256,256,cpu,1,1.262792,1.243583,1.302792,25
0,256,256,tg,1,4.769166,4.693167,4.826541,25
0,256,256,blocked,1,2.694250,2.675125,2.710375,25
0,4096,2,cpu,1,0.064334,0.063417,0.066542,25
0,4096,2,simd,1,0.141250,0.131792,0.152167,25
0,4096,2,tg,1,0.449416,0.401041,0.462791,25
0,4,160,cpu,1,0.028875,0.027958,0.030417,25
0,4,160,tg,1,0.301625,0.286708,0.308667,25
0,4,160,blocked,1,0.313583,0.309917,0.318208,25
0,16,32,cpu,1,0.006791,0.006667,0.007292,25
0,16,32,simd,1,0.169709,0.167625,0.208917,25
0,16,32,tg,1,0.160542,0.148542,0.172875,25
0,256,384,cpu,1,3.574167,3.533417,3.613292,25
0,256,384,tg,1,11.293021,11.109135,11.397479,14
0,256,384,blocked,1,6.355374,6.334344,6.383948,24
0,4096,24,cpu,1,0.147541,0.135708,0.632375,25
0,4096,24,simd,1,0.336375,0.324750,0.365708,25
0,4096,24,tg,1,0.768708,0.724750,0.776792,25
0,64,4,cpu,1,0.002875,0.002833,0.002917,25
0,64,4,simd,1,0.128833,0.125208,0.141292,25
0,64,4,tg,1,0.159834,0.141000,0.176500,25
0,16,768,cpu,1,1.599792,1.570375,1.628667,25
0,16,768,tg,1,5.634792,5.592750,5.653500,25
0,16,768,blocked,1,2.395917,2.380209,2.400958,25
0,2,384,cpu,1,0.082167,0.081083,0.085292,25
0,2,384,tg,1,0.954042,0.915125,0.989250,25
0,2,384,blocked,1,0.515917,0.512125,0.536333,25
0,1,24,cpu,1,0.000875,0.000834,0.000917,25
0,1,24,simd,1,0.210583,0.162041,0.232834,25
0,1,24,tg,1,0.155209,0.150166,0.168208,25
0,2,24,cpu,1,0.001916,0.001375,0.002708,25
0,2,24,simd,1,0.153750,0.149291,0.171125,25
0,2,24,tg,1,0.172416,0.157750,0.202791,25
0,1,1536,cpu,1,1.418333,1.399292,1.476292,25
0,1,1536,blocked,1,2.685750,2.163625,2.902375,25
0,256,2,cpu,1,0.005125,0.004958,0.005459,25
0,256,2,simd,1,0.144000,0.136875,0.157667,25
0,256,2,tg,1,0.182209,0.178709,0.213834,25
0,1024,160,cpu,1,2.037708,1.996417,2.084958,25
0,1024,160,tg,1,6.276750,6.178125,6.323906,24
0,1024,160,blocked,1,3.824500,3.792917,3.846541,25
0,64,768,cpu,1,5.433916,5.322458,5.577208,25
0,64,768,tg,1,15.729604,15.617886,16.011823,10
0,64,768,blocked,1,8.198291,8.180124,8.242417,19
0,4,256,cpu,1,0.051416,0.049667,0.054459,25
0,4,256,tg,1,0.496125,0.470333,0.518417,25
0,4,256,blocked,1,0.433083,0.412833,0.475458,25
0,4096,96,cpu,1,6.394521,6.374625,6.443583,24
0,4096,96,tg,1,7.428000,7.372125,7.510333,21
0,64,1024,cpu,1,11.504000,11.222000,11.637916,13
0,64,1024,tg,1,31.540979,31.222969,31.858989,2
0,64,1024,blocked,1,16.295729,16.230937,16.303167,10
0,1,16,cpu,1,0.000750,0.000709,0.000791,25
0,1,16,simd,1,0.212625,0.154125,0.245417,25
0,1,16,tg,1,0.183458,0.160458,0.219875,25
0,256,512,cpu,1,6.353917,6.302313,6.424823,24
0,256,512,tg,1,20.187875,20.144375,20.231375,2
0,256,512,blocked,1,11.880833,11.857917,11.917750,13
0,2,768,cpu,1,0.383250,0.377958,0.396042,25
0,2,768,tg,1,4.042000,4.023166,4.055959,25
0,2,768,blocked,1,1.054959,1.025250,1.081333,25
0,2,12,cpu,1,0.001042,0.001000,0.001500,25
0,2,12,simd,1,0.216333,0.160083,0.245250,25
0,2,12,tg,1,0.161584,0.158916,0.183458,25
0,1,2,cpu,1,0.000584,0.000583,0.000625,25
0,1,2,simd,1,0.141792,0.127208,0.169833,25
0,1,2,tg,1,0.154041,0.143250,0.229792,25
0,256,12,cpu,1,0.031250,0.030792,0.032000,25
0,256,12,simd,1,0.158292,0.149459,0.173625,25
0,256,12,tg,1,0.163250,0.160292,0.185166,25
0,16,4,cpu,1,0.001250,0.001209,0.001833,25
0,16,4,simd,1,0.146625,0.133375,0.155667,25
0,16,4,tg,1,0.166584,0.145250,0.191334,25
0,4,2048,cpu,1,11.882167,11.786084,12.027208,13
0,4,2048,blocked,1,6.280521,6.237417,6.315708,24
0,4,8,cpu,1,0.001167,0.001000,0.001667,25
0,4,8,simd,1,0.152416,0.140833,0.168000,25
0,4,8,tg,1,0.152958,0.151334,0.180584,25
0,256,128,cpu,1,0.498083,0.469916,0.615541,25
0,256,128,tg,1,1.236750,1.189083,1.463541,25
0,1024,128,cpu,1,1.672792,1.633875,1.692542,25
0,1024,128,tg,1,3.930167,3.879375,3.964500,25
0,1024,8,cpu,1,0.067167,0.066542,0.072292,25
0,1024,8,simd,1,0.148459,0.134167,0.182834,25
0,1024,8,tg,1,0.247500,0.234667,0.265625,25
0,64,8,cpu,1,0.005292,0.004958,0.005416,25
0,64,8,simd,1,0.139708,0.131083,0.150542,25
0,64,8,tg,1,0.154708,0.147167,0.166458,25
0,4,32,cpu,1,0.005250,0.004167,0.008375,25
0,4,32,simd,1,0.176000,0.169667,0.193792,25
0,4,32,tg,1,0.153541,0.150125,0.171542,25
0,16,1536,cpu,1,24.805312,24.775802,24.834823,2
0,16,1536,blocked,1,10.360667,10.336479,10.383646,15
0,4096,12,cpu,1,0.111166,0.078958,0.239958,25
0,4096,12,simd,1,0.217166,0.199167,0.247667,25
0,4096,12,tg,1,0.554500,0.543083,0.584417,25
0,16,256,cpu,1,0.127042,0.117958,0.225541,25
0,16,256,tg,1,0.642667,0.610083,0.687625,25
0,16,256,blocked,1,0.459167,0.424584,0.465667,25
0,256,96,cpu,1,0.491291,0.462125,0.571834,25
0,256,96,tg,1,1.020958,0.729041,1.125375,25
0,1,384,cpu,1,0.058333,0.058250,0.058875,25
0,1,384,tg,1,0.938375,0.922833,0.991042,25
0,1,384,blocked,1,0.506209,0.502500,0.512834,25
0,1024,64,cpu,1,0.258042,0.233375,0.629209,25
0,1024,64,tg,1,1.028666,0.997667,1.055625,25
0,1,8,cpu,1,0.000625,0.000625,0.000667,25
0,1,8,simd,1,0.157166,0.141208,0.203416,25
0,1,8,tg,1,0.175209,0.168584,0.192959,25
0,1024,4,cpu,1,0.030500,0.029417,0.031000,25
0,1024,4,simd,1,0.162875,0.148291,0.204916,25
0,1024,4,tg,1,0.248542,0.232333,0.433917,25
0,1,3072,cpu,1,9.089583,8.970125,9.198792,17
0,1,3072,blocked,1,6.822500,6.792021,6.855604,22
0,1,160,cpu,1,0.013375,0.013125,0.013500,25
0,1,160,tg,1,0.287959,0.284750,0.321917,25
0,1,160,blocked,1,0.303750,0.299959,0.308791,25
1,64,2,cpu,1,0.002000,0.001959,0.002042,25
1,64,2,simd,1,0.135792,0.133667,0.152375,25
1,64,2,tg,1,0.147709,0.145083,0.167000,25
1,64,96,cpu,1,0.189083,0.147459,0.369167,25
1,64,96,tg,1,0.489667,0.428375,1.026792,25
1,16384,4,cpu,1,0.126333,0.090875,0.234916,25
1,16384,4,simd,1,0.166417,0.161875,0.187042,25
1,16384,4,tg,1,1.454416,1.445208,1.501167,25
1,64,512,cpu,1,1.780666,1.750041,1.831208,25
1,64,512,tg,1,6.320563,6.233281,6.384271,24
1,64,512,blocked,1,3.262500,3.249750,3.308375,25
1,1024,24,cpu,1,0.187125,0.136333,0.264709,25
1,1024,24,simd,1,0.196500,0.193625,0.220208,25
1,1024,24,tg,1,0.281375,0.277709,0.286834,25
1,16,24,cpu,1,0.005250,0.005125,0.005541,25
1,16,24,simd,1,0.156792,0.153208,0.173583,25
1,16,24,tg,1,0.167292,0.163125,0.187417,25
1,1,768,cpu,1,0.227375,0.227208,0.229834,25
1,1,768,tg,1,3.968833,3.954875,4.008041,25
1,1,768,blocked,1,0.963125,0.934417,1.002584,25
1,256,160,cpu,1,0.586375,0.555875,0.624750,25
1,256,160,tg,1,1.856291,1.846125,1.904916,25
1,256,160,blocked,1,1.153000,1.131583,1.204583,25
1,2,24,cpu,1,0.001459,0.001125,0.002250,25
1,2,24,simd,1,0.163291,0.156666,0.182167,25
1,2,24,tg,1,0.156459,0.153917,0.177417,25
1,1,1024,cpu,1,0.479500,0.475834,0.503375,25
1,1,1024,tg,1,8.227041,8.188854,8.275187,19
1,1,1024,blocked,1,1.276750,1.271625,1.314667,25
1,2,1536,cpu,1,2.914208,2.891417,2.988000,25
1,2,1536,blocked,1,2.633417,2.609958,2.665833,25
1,16384,32,cpu,1,0.925667,0.911167,0.963667,25
1,16384,32,simd,1,1.171666,1.143375,1.201667,25
1,16384,32,tg,1,2.809167,2.802625,2.848875,25
1,2,256,cpu,1,0.044375,0.043583,0.044584,25
1,2,256,tg,1,0.496917,0.469041,0.520250,25
1,2,256,blocked,1,0.385208,0.383084,0.388792,25
1,4096,128,cpu,1,6.657458,6.595542,6.734958,23
1,4096,128,tg,1,14.341084,14.304500,14.438979,11
1,64,160,cpu,1,0.178042,0.171000,0.192167,25
1,64,160,tg,1,0.726125,0.681625,0.763792,25
1,64,160,blocked,1,0.455375,0.423958,0.492667,25
1,16384,16,cpu,1,0.284333,0.244208,0.620208,25
1,16384,16,simd,1,0.495875,0.479000,0.518041,25
1,16384,16,tg,1,2.083625,2.067750,2.090292,25
1,1,48,cpu,1,0.001292,0.001208,0.001625,25
1,1,48,tg,1,0.207333,0.188833,0.228708,25
1,64,128,cpu,1,0.150958,0.142375,0.533667,25
1,64,128,tg,1,0.521250,0.483042,0.566708,25
1,4,4096,cpu,1,123.871458,123.555812,124.187104,2
1,4,4096,blocked,1,31.859584,31.848875,31.867625,5
1,1024,128,cpu,1,1.711625,1.684000,1.745833,25
1,1024,128,tg,1,3.985167,3.884208,4.036916,25
1,2,768,cpu,1,0.382500,0.378208,0.396042,25
1,2,768,tg,1,4.074209,4.043667,4.136333,25
1,2,768,blocked,1,1.039541,1.014000,1.079583,25
1,2,192,cpu,1,0.029791,0.028625,0.032000,25
1,2,192,tg,1,0.342042,0.333708,0.363791,25
1,2,192,blocked,1,0.327750,0.326750,0.330250,25
1,4,3072,cpu,1,39.933959,39.419938,40.447979,2
1,4,3072,blocked,1,15.748188,15.739427,15.755948,10
1,4,32,cpu,1,0.004583,0.003041,0.005709,25
1,4,32,simd,1,0.155917,0.147875,0.168292,25
1,4,32,tg,1,0.173125,0.155875,0.195459,25
1,4096,12,cpu,1,0.189500,0.093083,0.479125,25
1,4096,12,simd,1,0.198500,0.195833,0.222042,25
1,4096,12,tg,1,0.546083,0.538833,0.571125,25
1,4,192,cpu,1,0.033208,0.032625,0.034000,25
1,4,192,tg,1,0.347041,0.338416,0.362750,25
1,4,192,blocked,1,0.335166,0.333541,0.339125,25
1,16,1536,cpu,1,25.027334,24.970604,25.084063,2
1,16,1536,blocked,1,10.404334,10.374000,10.424542,15
1,256,48,cpu,1,0.208458,0.117459,0.212542,25
1,256,48,tg,1,0.330458,0.319833,0.363958,25
1,2,128,cpu,1,0.018875,0.018209,0.019792,25
1,2,128,tg,1,0.257750,0.249625,0.269458,25
1,16384,64,cpu,1,3.366500,3.324208,3.447166,25
1,16384,64,tg,1,11.734375,11.728292,11.777834,13
1,16,8,cpu,1,0.002125,0.001875,0.002417,25
1,16,8,simd,1,0.148166,0.138417,0.186250,25
1,16,8,tg,1,0.150625,0.146125,0.160417,25
1,16,32,cpu,1,0.007250,0.007167,0.007500,25
1,16,32,simd,1,0.177334,0.162584,0.196500,25
1,16,32,tg,1,0.163417,0.160042,0.188000,25
1,1024,8,cpu,1,0.069375,0.066208,0.071875,25
1,1024,8,simd,1,0.143125,0.139333,0.155000,25
1,1024,8,tg,1,0.255250,0.253000,0.267375,25
1,16,2048,cpu,1,48.366458,48.114708,48.618208,2
1,16,2048,blocked,1,20.114187,20.090229,20.168834,8
1,4,384,cpu,1,0.103250,0.102125,0.105500,25
1,4,384,tg,1,0.984375,0.957875,1.013500,25
1,4,384,blocked,1,0.545041,0.541084,0.550208,25
1,2,4,cpu,1,0.000916,0.000792,0.001333,25
1,2,4,simd,1,0.137167,0.131667,0.156416,25
1,2,4,tg,1,0.151541,0.145041,0.182792,25
1,1024,2,cpu,1,0.016625,0.016584,0.017333,25
1,1024,2,simd,1,0.137917,0.133584,0.159917,25
1,1024,2,tg,1,0.212416,0.210500,0.234417,25
1,16,768,cpu,1,1.596583,1.569833,1.639666,25
1,16,768,tg,1,5.617375,5.574917,5.638000,25
1,16,768,blocked,1,2.392167,2.370916,2.403000,25
1,4,96,cpu,1,0.019667,0.017708,0.022375,25
1,4,96,tg,1,0.222625,0.216167,0.252792,25
1,1024,12,cpu,1,0.122166,0.119000,0.126000,25
1,1024,12,simd,1,0.175625,0.161500,0.202125,25
1,1024,12,tg,1,0.254958,0.244833,0.260750,25
1,16384,12,cpu,1,0.214875,0.188166,0.635333,25
1,16384,12,simd,1,0.434417,0.390125,0.469500,25
1,16384,12,tg,1,1.864417,1.852792,1.883333,25
1,64,12,cpu,1,0.008375,0.008333,0.008584,25
1,64,12,simd,1,0.156125,0.150333,0.174667,25
1,64,12,tg,1,0.155917,0.154583,0.165959,25
1,1,512,cpu,1,0.100458,0.098917,0.103875,25
1,1,512,tg,1,1.501209,1.485208,1.566750,25
1,1,512,blocked,1,0.632500,0.629875,0.658916,25
1,256,256,cpu,1,1.282000,1.250125,1.290500,25
1,256,256,tg,1,4.771250,4.711708,4.838166,25
1,256,256,blocked,1,2.700667,2.689083,2.712833,25
1,4096,16,cpu,1,0.094791,0.086958,0.590667,25
1,4096,16,simd,1,0.227875,0.220084,0.259250,25
1,4096,16,tg,1,0.705917,0.665250,0.714666,25
1,256,32,cpu,1,0.098291,0.097792,0.107000,25
1,256,32,simd,1,0.171334,0.156916,0.204250,25
1,256,32,tg,1,0.188667,0.177375,0.201958,25
1,16,12,cpu,1,0.002833,0.002792,0.002917,25
1,16,12,simd,1,0.154250,0.141750,0.169542,25
1,16,12,tg,1,0.156000,0.146375,0.162500,25
1,1,256,cpu,1,0.028959,0.025916,0.029459,25
1,1,256,tg,1,0.494875,0.473959,0.520166,25
1,1,256,blocked,1,0.385584,0.381833,0.387667,25
1,64,64,cpu,1,0.102833,0.085584,0.107291,25
1,64,64,tg,1,0.260375,0.256541,0.265667,25
1,64,4,cpu,1,0.002833,0.002791,0.003250,25
1,64,4,simd,1,0.157209,0.149583,0.164834,25
1,64,4,tg,1,0.194625,0.177417,0.242375,25
1,256,8,cpu,1,0.017542,0.017459,0.018959,25
1,256,8,simd,1,0.199583,0.173334,0.242042,25
1,256,8,tg,1,0.245792,0.235500,0.253792,25
1,1,24,cpu,1,0.000875,0.000791,0.000875,25
1,1,24,simd,1,0.251792,0.235667,0.283708,25
1,1,24,tg,1,0.215292,0.205041,0.257750,25
1,1,8,cpu,1,0.000625,0.000625,0.000667,25
1,1,8,simd,1,0.205792,0.155917,0.241917,25
1,1,8,tg,1,0.225166,0.172083,0.261875,25
1,256,512,cpu,1,6.341521,6.248771,6.445812,24
1,256,512,tg,1,20.349812,20.207469,20.492156,2
1,256,512,blocked,1,11.844750,11.793958,11.864792,13
1,1,12,cpu,1,0.000750,0.000708,0.000750,25
1,1,12,simd,1,0.164916,0.146625,0.225125,25
1,1,12,tg,1,0.152208,0.148209,0.162792,25
1,4,256,cpu,1,0.051000,0.048917,0.053000,25
1,4,256,tg,1,0.476625,0.462333,0.513750,25
1,4,256,blocked,1,0.408417,0.394667,0.433083,25
1,1024,160,cpu,1,2.041542,1.971834,2.084083,25
1,1024,160,tg,1,6.326500,6.200614,6.408229,24
1,1024,160,blocked,1,3.838250,3.827375,3.885250,25
1,256,96,cpu,1,0.482750,0.461542,0.582458,25
1,256,96,tg,1,0.729042,0.689166,0.791959,25
1,16,128,cpu,1,0.129333,0.104833,0.134167,25
1,16,128,tg,1,0.266583,0.251541,0.283833,25
1,64,8,cpu,1,0.005250,0.004917,0.005375,25
1,64,8,simd,1,0.143875,0.131625,0.186125,25
1,64,8,tg,1,0.158375,0.145833,0.166541,25
1,1,1536,cpu,1,1.425417,1.402875,1.473791,25
1,1,1536,blocked,1,2.159875,2.145958,2.189625,25
1,2,512,cpu,1,0.142083,0.138541,0.147500,25
1,2,512,tg,1,1.526250,1.503208,1.570000,25
1,2,512,blocked,1,0.694916,0.665000,0.739625,25
1,4,12,cpu,1,0.001917,0.001333,0.003500,25
1,4,12,simd,1,0.159625,0.143625,0.218792,25
1,4,12,tg,1,0.155292,0.151834,0.157500,25
1,1024,16,cpu,1,0.154667,0.095125,0.161208,25
1,1024,16,simd,1,0.170375,0.162791,0.179333,25
1,1024,16,tg,1,0.253500,0.247334,0.258500,25
1,1024,96,cpu,1,1.718792,1.704833,1.743250,25
1,1024,96,tg,1,2.158250,2.078041,2.785125,25
1,4,48,cpu,1,0.006750,0.004875,0.009833,25
1,4,48,tg,1,0.193041,0.184083,0.218334,25
1,2,12,cpu,1,0.001125,0.001042,0.002250,25
1,2,12,simd,1,0.164083,0.153083,0.233667,25
1,2,12,tg,1,0.162167,0.147666,0.219666,25
1,64,48,cpu,1,0.052792,0.052667,0.054042,25
1,64,48,tg,1,0.253917,0.239208,0.264084,25
1,2,32,cpu,1,0.002417,0.001833,0.004208,25
1,2,32,simd,1,0.285916,0.273417,0.309459,25
1,2,32,tg,1,0.261083,0.244542,0.287708,25
1,2,3072,cpu,1,18.150000,18.028833,18.185792,9
1,2,3072,blocked,1,9.611313,9.581802,9.731302,16
1,64,256,cpu,1,0.421625,0.372042,0.584542,25
1,64,256,tg,1,1.529125,1.508167,1.557792,25
1,64,256,blocked,1,0.873416,0.848584,0.925292,25
1,4096,64,cpu,1,0.898375,0.863958,0.988709,25
1,4096,64,tg,1,3.227834,3.208125,3.281292,25
1,16,4,cpu,1,0.001292,0.001209,0.001417,25
1,16,4,simd,1,0.130500,0.128375,0.146334,25
1,16,4,tg,1,0.152792,0.142500,0.166000,25
1,4,16,cpu,1,0.002958,0.002125,0.003542,25
1,4,16,simd,1,0.173792,0.148500,0.218875,25
1,4,16,tg,1,0.160916,0.147750,0.171333,25
1,2,1024,cpu,1,0.793709,0.790333,0.823292,25
1,2,1024,tg,1,8.516229,8.461105,8.638146,18
1,2,1024,blocked,1,1.444916,1.413417,1.454083,25
1,4,24,cpu,1,0.003542,0.002167,0.005083,25
1,4,24,simd,1,0.155125,0.150333,0.167792,25
1,4,24,tg,1,0.157791,0.154458,0.169166,25
1,2,4096,cpu,1,59.829313,59.087844,60.570781,2
1,2,4096,blocked,1,19.133937,18.915052,19.145395,8
1,16384,2,cpu,1,0.250542,0.139375,0.257459,25
1,16384,2,simd,1,0.158583,0.148042,0.168167,25
1,16384,2,tg,1,1.344666,1.325500,1.360250,25
1,64,384,cpu,1,0.921250,0.901500,0.951333,25
1,64,384,tg,1,3.462750,3.401584,3.490666,25
1,64,384,blocked,1,1.836833,1.822542,1.861708,25
1,256,384,cpu,1,3.588167,3.537667,3.657875,25
1,256,384,tg,1,11.159812,11.067177,11.313730,14
1,256,384,blocked,1,6.403730,6.379010,6.416282,24
1,1,4096,cpu,1,30.017542,29.592209,30.442875,2
1,1,4096,blocked,1,13.076729,12.165010,13.141771,12
1,1,64,cpu,1,0.001958,0.001875,0.002000,25
1,1,64,tg,1,0.198250,0.182250,0.209209,25
1,1,3072,cpu,1,9.285958,9.246167,9.546458,16
1,1,3072,blocked,1,6.910188,6.848823,6.937928,22
1,4,4,cpu,1,0.001042,0.000834,0.001416,25
1,4,4,simd,1,0.138083,0.134750,0.156125,25
1,4,4,tg,1,0.150833,0.148041,0.175958,25
1,4096,48,cpu,1,0.607042,0.506459,0.639959,25
1,4096,48,tg,1,2.826792,2.815500,2.844541,25
1,1024,32,cpu,1,0.099792,0.085084,0.245916,25
1,1024,32,simd,1,0.217583,0.203709,0.230208,25
1,1024,32,tg,1,0.295292,0.286583,0.306917,25
1,16,16,cpu,1,0.003375,0.003375,0.003792,25
1,16,16,simd,1,0.166208,0.147583,0.179083,25
1,16,16,tg,1,0.153875,0.151833,0.159333,25
1,2,48,cpu,1,0.004875,0.003208,0.007333,25
1,2,48,tg,1,0.194417,0.179042,0.232458,25
1,4096,4,cpu,1,0.108250,0.099834,0.111583,25
1,4096,4,simd,1,0.150959,0.145959,0.156875,25
1,4096,4,tg,1,0.498333,0.485042,0.519833,25
1,256,192,cpu,1,0.708250,0.687250,0.734334,25
1,256,192,tg,1,2.663334,2.626792,2.691333,25
1,256,192,blocked,1,1.589917,1.563709,1.609458,25
1,4096,96,cpu,1,6.665875,6.624459,6.690854,23
1,4096,96,tg,1,7.406417,7.354667,7.452334,21
1,1,4,cpu,1,0.000625,0.000583,0.000625,25
1,1,4,simd,1,0.140834,0.128458,0.173792,25
1,1,4,tg,1,0.185875,0.143291,0.233625,25
1,1,192,cpu,1,0.017416,0.015834,0.017667,25
1,1,192,tg,1,0.346042,0.336250,0.398459,25
1,1,192,blocked,1,0.329416,0.324958,0.333000,25
1,64,1024,cpu,1,11.517417,11.189416,11.707708,13
1,64,1024,tg,1,31.239334,31.055146,31.423521,2
1,64,1024,blocked,1,16.235646,16.189104,16.255042,10
1,2,384,cpu,1,0.083333,0.081875,0.085042,25
1,2,384,tg,1,0.937416,0.922750,0.964084,25
1,2,384,blocked,1,0.520625,0.514584,0.539666,25
1,1024,48,cpu,1,0.142541,0.112375,0.617792,25
1,1024,48,tg,1,0.852417,0.816583,0.882416,25
1,4,1536,cpu,1,6.137209,6.112625,6.179458,25
1,4,1536,blocked,1,3.546750,3.524792,3.591083,25
1,4,1024,cpu,1,1.284417,1.267375,1.310417,25
1,4,1024,tg,1,8.945459,8.884833,9.011375,17
1,4,1024,blocked,1,1.763041,1.743416,1.791875,25
1,1024,64,cpu,1,0.585917,0.230250,0.632709,25
1,1024,64,tg,1,1.002041,0.966375,1.051833,25
1,4,2048,cpu,1,12.005417,11.931166,12.103667,13
1,4,2048,blocked,1,6.304396,6.285281,6.326614,24
1,1,16,cpu,1,0.000709,0.000667,0.000792,25
1,1,16,simd,1,0.164167,0.152834,0.206625,25
1,1,16,tg,1,0.159625,0.156167,0.174459,25
1,1,128,cpu,1,0.008667,0.008500,0.008750,25
1,1,128,tg,1,0.265000,0.253750,0.274333,25
1,4096,24,cpu,1,0.153167,0.135875,0.630334,25
1,4096,24,simd,1,0.331833,0.324792,0.370958,25
1,4096,24,tg,1,0.773000,0.742833,0.827917,25
1,2,2,cpu,1,0.000833,0.000791,0.001125,25
1,2,2,simd,1,0.143625,0.127750,0.176209,25
1,2,2,tg,1,0.156791,0.146875,0.186083,25
1,4096,32,cpu,1,0.267083,0.222834,0.632125,25
1,4096,32,simd,1,0.467459,0.426917,0.496500,25
1,4096,32,tg,1,0.866875,0.844875,0.872250,25
1,2,160,cpu,1,0.024625,0.023083,0.025416,25
1,2,160,tg,1,0.461125,0.438250,0.499166,25
1,2,160,blocked,1,0.307083,0.303250,0.314708,25
1,16384,48,cpu,1,1.877166,1.824458,1.949209,25
1,16384,48,tg,1,10.557375,10.539687,10.634812,15
1,4,128,cpu,1,0.022250,0.021542,0.023208,25
1,4,128,tg,1,0.251667,0.248875,0.266583,25
1,16,160,cpu,1,0.107500,0.084875,0.207458,25
1,16,160,tg,1,0.312917,0.303458,0.337375,25
1,16,160,blocked,1,0.324250,0.317875,0.339958,25
1,64,16,cpu,1,0.010583,0.010459,0.011375,25
1,64,16,simd,1,0.162375,0.146750,0.191458,25
1,64,16,tg,1,0.149917,0.147291,0.167125,25
1,4096,8,cpu,1,0.264125,0.110875,0.281041,25
1,4096,8,simd,1,0.153000,0.144542,0.162792,25
1,4096,8,tg,1,0.506875,0.493875,0.528917,25
1,1024,256,cpu,1,4.625708,4.566875,4.666583,25
1,1024,256,tg,1,17.167625,16.991334,17.572209,9
1,1024,256,blocked,1,9.645042,9.544292,9.687292,16
1,64,32,cpu,1,0.024958,0.024833,0.026875,25
1,64,32,simd,1,0.157375,0.154541,0.180291,25
1,64,32,tg,1,0.159334,0.154792,0.186541,25
1,4,8,cpu,1,0.001375,0.001000,0.002209,25
1,4,8,simd,1,0.142208,0.131542,0.147417,25
1,4,8,tg,1,0.152750,0.142250,0.164333,25
1,64,24,cpu,1,0.016750,0.016708,0.016959,25
1,64,24,simd,1,0.167042,0.156375,0.189125,25
1,64,24,tg,1,0.159584,0.157834,0.191458,25
1,256,128,cpu,1,0.500875,0.473125,0.605125,25
1,256,128,tg,1,1.232708,1.207667,1.283875,25
1,16,48,cpu,1,0.013667,0.013625,0.014458,25
1,16,48,tg,1,0.257750,0.253542,0.272125,25
1,16,384,cpu,1,0.317750,0.306250,0.325542,25
1,16,384,tg,1,1.251917,1.234250,1.290625,25
1,16,384,blocked,1,0.710791,0.681666,0.755000,25
1,2,8,cpu,1,0.000875,0.000875,0.001416,25
1,2,8,simd,1,0.170875,0.138667,0.213375,25
1,2,8,tg,1,0.175625,0.157708,0.252833,25
1,1,160,cpu,1,0.011875,0.011791,0.012542,25
1,1,160,tg,1,0.402167,0.375000,0.454083,25
1,1,160,blocked,1,0.311292,0.306458,0.315042,25
1,256,64,cpu,1,0.233250,0.084166,0.436459,25
1,256,64,tg,1,0.555583,0.382542,0.697209,25
1,1,32,cpu,1,0.000833,0.000792,0.001000,25
1,1,32,simd,1,0.298958,0.287125,0.323542,25
1,1,32,tg,1,0.295917,0.282459,0.305417,25
1,16,1024,cpu,1,3.669583,3.597250,3.725333,25
1,16,1024,tg,1,11.727333,11.715834,11.747875,13
1,16,1024,blocked,1,4.362167,4.347416,4.375417,25
1,4096,2,cpu,1,0.064500,0.063084,0.068750,25
1,4096,2,simd,1,0.143333,0.131750,0.156333,25
1,4096,2,tg,1,0.438042,0.411125,0.466667,25
1,2,16,cpu,1,0.001250,0.000917,0.001708,25
1,2,16,simd,1,0.184000,0.160583,0.231417,25
1,2,16,tg,1,0.157458,0.153750,0.180625,25
1,1024,192,cpu,1,2.804792,2.755333,2.900542,25
1,1024,192,tg,1,8.887459,8.804750,9.071792,17
1,1024,192,blocked,1,5.421708,5.388667,5.451500,25
1,2,96,cpu,1,0.017542,0.016583,0.017917,25
1,2,96,tg,1,0.224375,0.223042,0.248250,25
1,16384,8,cpu,1,0.142208,0.123375,0.629834,25
1,16384,8,simd,1,0.211458,0.201333,0.225750,25
1,16384,8,tg,1,1.604417,1.577667,1.615708,25
1,2,64,cpu,1,0.005208,0.004750,0.007041,25
1,2,64,tg,1,0.223208,0.195708,0.251834,25
1,256,12,cpu,1,0.030833,0.030709,0.031250,25
1,256,12,simd,1,0.153417,0.147542,0.178042,25
1,256,12,tg,1,0.171917,0.167041,0.179041,25
1,64,192,cpu,1,0.216958,0.201917,0.238625,25
1,64,192,tg,1,0.911625,0.886959,0.969792,25
1,64,192,blocked,1,0.549333,0.537875,0.568792,25
1,16384,24,cpu,1,0.605917,0.529958,0.652583,25
1,16384,24,simd,1,0.879834,0.848875,0.934750,25
1,16384,24,tg,1,2.466083,2.441417,2.472708,25
1,4,2,cpu,1,0.000917,0.000833,0.002500,25
1,4,2,simd,1,0.137625,0.132250,0.153875,25
1,4,2,tg,1,0.147708,0.145583,0.173416,25
1,64,768,cpu,1,5.421625,5.374458,5.514042,25
1,64,768,tg,1,16.385479,16.314729,16.691292,10
1,64,768,blocked,1,8.395917,8.377823,8.425270,18
1,1,2,cpu,1,0.000541,0.000500,0.000583,25
1,1,2,simd,1,0.144959,0.134750,0.203125,25
1,1,2,tg,1,0.158166,0.154834,0.188334,25
1,256,24,cpu,1,0.065083,0.064666,0.068584,25
1,256,24,simd,1,0.180625,0.167375,0.210250,25
1,256,24,tg,1,0.179125,0.176708,0.189250,25
1,16,2,cpu,1,0.001125,0.001083,0.001250,25
1,16,2,simd,1,0.147625,0.134250,0.163250,25
1,16,2,tg,1,0.151000,0.143584,0.172125,25
1,16,256,cpu,1,0.141042,0.122750,0.180500,25
1,16,256,tg,1,0.636166,0.569459,0.968959,25
1,16,256,blocked,1,0.444833,0.428416,0.466250,25
1,256,4,cpu,1,0.008792,0.008667,0.009375,25
1,256,4,simd,1,0.178416,0.150833,0.193542,25
1,256,4,tg,1,0.261709,0.240750,0.311042,25
1,256,16,cpu,1,0.039709,0.039584,0.042875,25
1,256,16,simd,1,0.256958,0.243708,0.265417,25
1,256,16,tg,1,0.189625,0.181666,0.207792,25
1,4,64,cpu,1,0.012417,0.010875,0.014500,25
1,4,64,tg,1,0.399541,0.385458,0.452041,25
1,16,96,cpu,1,0.093042,0.083709,0.095834,25
1,16,96,tg,1,0.532416,0.247208,0.569625,25
1,1,384,cpu,1,0.058291,0.058208,0.058375,25
1,1,384,tg,1,0.946458,0.932792,0.988542,25
1,1,384,blocked,1,0.526125,0.517167,0.551709,25
1,16,192,cpu,1,0.104750,0.098541,0.109000,25
1,16,192,tg,1,0.412125,0.395584,0.461208,25
1,16,192,blocked,1,0.353167,0.345416,0.368542,25
1,4,768,cpu,1,0.614333,0.610083,0.630459,25
1,4,768,tg,1,4.276916,4.254708,4.317667,25
1,4,768,blocked,1,1.165000,1.138333,1.215041,25
1,4,160,cpu,1,0.030208,0.028333,0.040125,25
1,4,160,tg,1,0.291541,0.288000,0.305500,25
1,4,160,blocked,1,0.318042,0.316292,0.323250,25
1,16,512,cpu,1,0.580125,0.538875,0.605000,25
1,16,512,tg,1,2.155166,2.136542,2.165708,25
1,16,512,blocked,1,1.103042,1.070625,1.151750,25
1,1024,4,cpu,1,0.027958,0.027792,0.031375,25
1,1024,4,simd,1,0.146208,0.136542,0.167083,25
1,1024,4,tg,1,0.226959,0.222666,0.232750,25
1,2,2048,cpu,1,6.036750,5.939584,6.102750,25
1,2,2048,blocked,1,4.404250,4.359792,4.446583,25
1,1,96,cpu,1,0.006167,0.006084,0.006250,25
1,1,96,tg,1,0.224542,0.212708,0.254917,25
1,4,512,cpu,1,0.209625,0.204500,0.221834,25
1,4,512,tg,1,1.620334,1.608458,1.656208,25
1,4,512,blocked,1,0.778250,0.736875,0.805083,25
1,1,2048,cpu,1,2.960583,2.921958,3.095458,25
1,1,2048,blocked,1,3.372000,3.334083,4.113042,25
1,256,2,cpu,1,0.005375,0.005042,0.005542,25
1,256,2,simd,1,0.139084,0.134500,0.147708,25
1,256,2,tg,1,0.170334,0.168542,0.177958,25
1,16,64,cpu,1,0.028292,0.028125,0.031125,25
1,16,64,tg,1,0.242958,0.227541,0.268750,25
